2973.51,12565,374,1187,170,550
2981.21,11829,374,1187,171,550
2988.94,12645,374,1187,171,560
2997.37,13622,374,1188,171,560
3005.24,14630,374,1188,171,560
3020.23,15110,374,1188,173,560
3021.76,15286,374,1188,173,560
3023.36,15511,374,1188,173,560
3039.41,15719,374,1187,173,560
3040.44,15799,374,1185,174,560
3048.19,16151,375,1182,174,560
3055.71,17816,375,1179,174,560
3064.14,18776,376,1175,174,570
3072.25,19721,376,1170,174,570
3080.89,20457,376,1165,174,570
3088.94,21177,376,1160,174,570
3110.3,21753,376,1154,175,580
3111.38,22442,375,1149,175,580
3123.02,22682,375,1144,175,590
3124.46,23098,374,1140,175,590
3125.59,23258,373,1136,175,600
3133.83,23210,373,1132,175,600
3141.5,23242,373,1129,175,610
3150.01,23098,373,1127,173,610
3157.88,22346,373,1125,173,620
3166.42,20665,373,1124,173,620
3173.9,17992,373,1124,172,630
3182.35,14214,373,1124,170,630
3189.76,7203,373,1124,170,630
3287.12,17255,362,1162,166,590
3296,16983,361,1167,166,590
3303.74,16711,361,1172,166,590
3312.2,17095,361,1177,167,580
3320.31,17784,362,1181,167,580
3322.26,18744,364,1186,167,580
3333.45,18648,366,1190,169,580
3341.55,18856,369,1194,169,580
3350.29,18792,372,1197,169,580
3357.91,18552,375,1200,169,570
3367.45,19128,379,1203,169,570
3368.58,18984,383,1205,171,570
3388.61,19224,387,1206,171,560
3392.46,19432,391,1207,171,560
3401.06,19512,395,1208,171,560
3402.52,19673,399,1208,173,560
3409.95,19881,402,1207,173,560
3418.49,20425,406,1205,173,550
3426.05,20633,409,1203,174,550
3435,20825,412,1200,174,550
3442.74,21065,415,1197,174,550
3452.73,21545,417,1193,174,550
3454.11,22138,419,1189,176,560
3462.67,22490,421,1184,176,560
3470.64,22698,423,1179,176,560
3479.51,22730,424,1175,176,560
3487.57,22954,425,1170,175,570
3495.56,23050,425,1166,175,570
3503.96,23050,425,1162,175,580
3512.13,23098,426,1158,175,580
3515.3,23194,426,1155,175,590
3524.36,23114,426,1151,175,590
3533.19,22346,426,1148,175,600
3640.17,20809,426,1146,175,600
3641.07,18008,425,1144,175,610
3641.88,13093,424,1143,174,620
3668.55,17496,387,1148,169,570
3677.31,19496,387,1148,169,580
3685.34,18520,387,1148,170,590
3702,17255,386,1151,170,590
3703.74,17560,387,1152,170,600
3711.02,18216,389,1153,171,600
3720.84,18296,392,1154,171,610
3722,18632,395,1155,171,610
3730.38,18744,398,1155,171,610
3738.13,18744,402,1156,171,610
3746.85,18792,406,1157,171,610
3754.77,18808,410,1157,171,610
3763.43,18696,414,1158,171,610
3770.96,18216,419,1158,171,610
3780.15,17015,423,1158,171,610
3787.15,15479,427,1158,171,610
3794.49,13430,431,1158,171,610
3803.57,9764,434,1159,171,610
3990.02,10900,439,1163,172,590
4004.19,8964,439,1163,172,590
4005.02,7523,439,1163,173,600
4013.11,8195,439,1163,173,600
4020.23,9316,439,1163,173,600
4028.46,10436,439,1163,173,600
4036.1,11685,440,1164,173,600
4051.84,12869,440,1164,173,600
4053.1,13846,440,1164,173,600
4060.72,14646,440,1164,173,600
4068.17,15270,440,1164,173,600
4075.5,15863,440,1164,173,600
4084.37,16311,440,1164,173,600
4091.65,16679,440,1164,173,600
4100.08,16887,440,1164,173,600
4107.26,17159,440,1164,173,600
4115.87,17335,440,1164,173,600
4123.25,17800,440,1164,175,600
4131.36,18312,440,1164,175,600
4139.55,18856,440,1163,175,600
4141.61,19624,441,1162,175,600
4150.23,20377,441,1161,175,600
4158.43,20697,441,1160,175,600
4166.81,21001,441,1159,175,600
4174.92,21321,441,1157,175,600
4190.93,21577,441,1155,175,610
4191.75,21882,442,1154,175,610
4200.45,22154,442,1152,175,610
4208.06,22554,442,1150,175,610
4217.54,22906,442,1148,175,610
4218.8,23114,442,1146,174,620
4227.56,23322,442,1144,174,620
4235.25,23450,442,1142,174,620
4243.89,23674,442,1141,174,630
4251.4,23898,442,1139,174,630
4259.37,23882,442,1138,174,630
4268,23866,442,1138,174,630
4275.68,23882,442,1137,174,640
4284.69,23850,442,1137,174,640
4292.51,23962,442,1137,174,640
4306.3,23658,442,1137,174,640
4315,22634,442,1137,174,640
4322.41,20713,443,1137,174,640
4330.59,17143,443,1139,174,640
4338.3,9460,444,1141,174,640
4457.46,20345,447,1180,175,520
4466.16,19512,447,1180,176,530
4473.83,18744,447,1180,176,540
4482.09,19208,447,1180,176,550
4489.23,20105,447,1180,176,560
4498,20969,447,1180,177,560
4505.51,21529,445,1182,177,570
4514.45,21866,445,1182,177,570
4521.77,21946,445,1182,177,580
4529.82,22058,445,1182,177,580
4537.78,22074,445,1182,177,580
4545.61,22042,445,1182,177,580
4553.34,21721,445,1182,177,580
4562.13,20425,445,1182,177,580
4564.07,18104,445,1182,177,580
4574.66,13846,446,1182,177,580
4584.07,9796,446,1181,177,580
4771.59,18808,459,1168,173,540
4772.75,18344,459,1168,173,560
4781.05,17399,459,1168,172,570
4788.49,17063,459,1168,174,580
4796.66,17512,459,1168,174,580
4804.39,18088,459,1168,173,590
4813.08,18456,462,1168,173,590
4821.08,18456,463,1168,173,600
4829.28,18568,464,1168,173,600
4837.04,18664,465,1168,173,600
4845.47,18632,467,1168,173,600
4847.29,18776,468,1168,173,600
4855.39,18824,469,1168,173,600
4863.93,18984,470,1168,173,600
4875,19176,470,1168,173,600
4883.77,19240,471,1168,173,600
4885.11,19384,472,1168,173,600
4904.35,19496,472,1168,173,600
4908.46,19528,473,1168,173,600
4924.45,19592,473,1168,173,600
4927.55,19673,473,1168,173,600
4935.47,19785,473,1168,173,600
4937,19929,474,1168,173,600
4945.26,20057,474,1168,173,600
4952.56,20169,475,1168,173,600
4962.52,20265,475,1168,173,600
4963.74,20329,476,1168,173,600
4971.41,20409,476,1168,173,600
4979.59,20473,477,1168,175,600
5003.21,20585,477,1168,175,600
5004.32,20681,478,1168,175,600
5005.39,20697,478,1168,175,600
5013.41,20761,479,1168,175,600
5021.28,20777,480,1167,175,600
5030.5,20873,481,1167,175,600
5031.66,20937,481,1167,175,600
5039.85,20953,482,1167,175,600
5047.98,20953,483,1166,175,600
5055.75,20905,483,1166,175,600
5064.23,20761,483,1165,175,600
5072.48,20569,483,1165,175,600
5081.21,20489,483,1164,175,600
5089.16,20889,483,1163,175,600
5097.89,21305,483,1161,175,600
5105.53,21561,483,1160,175,610
5114.96,21801,482,1158,175,610
5116.68,22074,481,1156,175,610
5138.61,22250,480,1154,175,610
5139.79,22378,479,1152,175,610
5140.84,22458,477,1150,174,620
5148.81,22538,475,1148,174,620
5156.87,22714,474,1145,174,620
5166.27,22794,472,1143,174,620
5174.38,22826,470,1142,174,630
5183.32,22938,468,1140,174,630
5185.35,22874,466,1138,174,630
5193.82,22874,464,1137,174,630
5202.25,22842,462,1136,172,640
5210.55,22858,461,1135,172,640
5218.71,22906,459,1134,172,640
5227.3,22874,458,1134,172,640
5235.39,22874,457,1134,172,640
5244.07,22730,457,1134,172,640
5247.02,22714,456,1134,170,640
5254.42,22698,456,1134,170,640
5263.36,22666,456,1134,170,640
5271.17,22426,456,1134,170,640
5305.04,21769,456,1134,170,640
5307.04,21753,456,1135,170,640
5308.17,21705,457,1135,170,640
5309.2,21801,458,1136,170,640
5310.84,21753,459,1136,170,640
5318.5,21689,460,1136,170,640
5327.14,21689,462,1136,168,630
5334.81,21641,463,1136,168,630
5342.82,21609,466,1136,170,640
5352.23,21721,468,1135,170,640
5353.71,21833,470,1134,170,640
5362.45,21898,473,1133,170,640
5370.06,22058,475,1131,169,650
5379.26,22090,477,1130,169,650
5386.62,22138,479,1129,169,650
5394.99,22170,481,1128,169,650
5402.53,22186,483,1127,171,650
5411.13,21673,485,1127,171,650
5418.74,19769,486,1126,171,650
5427.41,16887,486,1126,171,650
5442.46,11397,487,1126,171,650
5550.74,21065,464,1146,171,610
5558.33,21225,464,1146,171,610
5577.48,20217,464,1146,173,610
5579.82,19833,464,1146,173,610
5581.06,20697,464,1146,173,620
5587.83,21193,465,1150,173,620
5596.3,21257,467,1150,172,630
5604.42,21449,470,1151,172,630
5613.02,21257,474,1151,174,630
5614.43,19897,478,1152,174,630
5622.5,16727,483,1152,174,630
5631.53,11413,487,1153,174,630
5742.1,16919,509,1161,177,600
5751.56,16007,509,1161,178,600
5752.66,14534,509,1161,178,600
5761.14,15511,510,1164,178,600
5769.36,16407,510,1165,178,610
5778.13,17640,511,1166,178,610
5785.81,18696,511,1166,178,610
5794.63,19705,511,1167,178,610
5801.93,20617,511,1167,178,610
5811.77,21193,511,1167,178,610
5818.58,21497,511,1167,178,610
5827.94,21529,511,1167,178,610
5830.92,21577,511,1165,178,610
5838.01,21657,510,1164,178,610
5847.37,22090,509,1162,178,610
5855.29,22554,508,1159,178,610
5864.46,22954,507,1156,178,610
5885.38,23402,506,1153,178,620
5886.53,23562,506,1150,178,620
5887.32,23866,505,1147,178,620
5895.52,24171,505,1144,178,620
5903.21,24299,505,1141,178,630
5912.66,24507,505,1139,178,630
5914.61,24491,505,1137,178,630
5921.99,24411,505,1135,178,640
5930.39,24395,506,1134,178,640
5938.57,24379,507,1133,178,640
5947.11,24379,508,1132,178,650
5955.4,24363,509,1132,178,650
5963.92,24315,511,1132,178,650
5972.03,24171,513,1132,178,650
5980.42,24219,516,1133,178,650
5988.55,24299,519,1134,178,650
5990.48,24203,522,1135,178,650
5999.08,24075,525,1138,178,650
6006.42,23978,528,1140,178,650
6042.18,23850,532,1143,178,650
6044.88,23754,534,1146,178,650
6046.04,23658,537,1149,178,640
6047.77,23514,539,1152,178,640
6049.41,23514,541,1155,178,640
6056.55,23530,542,1158,178,640
6066.14,23482,543,1160,178,630
6067.46,23546,544,1163,178,630
6075.52,23530,545,1164,178,630
6084.98,23546,546,1166,178,620
6093.75,23658,546,1167,178,620
6102.11,23770,547,1168,178,620
6109.77,23802,547,1168,178,610
6118.66,23770,547,1168,178,610
6125.93,23834,547,1167,178,610
6135.75,23722,546,1166,178,610
6137.22,23818,545,1164,178,610
6146.12,24091,545,1161,178,610
6154.66,24235,544,1158,178,610
6163.24,24331,544,1155,178,610
6183.75,24459,544,1153,178,610
6185.08,24475,544,1150,178,610
6186.16,24635,545,1147,178,620
6194,24683,547,1145,178,620
6202.12,24843,548,1144,178,620
6210.26,24907,550,1142,178,630
6218.89,25003,552,1141,178,630
6229.36,24955,554,1141,178,630
6230.63,24763,556,1140,178,640
6238.07,24667,558,1140,178,640
6246.55,24443,560,1140,178,640
6255.16,24507,561,1140,178,640
6263.61,24539,563,1141,178,640
6271.91,24603,564,1141,178,640
6274.43,24587,565,1141,180,640
6283.05,24587,566,1142,180,640
6291.38,24683,567,1142,180,640
6300.5,24795,567,1142,180,640
6308.98,24987,567,1142,180,650
6317.6,25339,568,1142,180,650
6325.53,25739,568,1142,180,650
6334.15,26059,568,1142,180,650
6341.97,26364,568,1142,180,650
6351.05,26716,568,1142,180,650
6352.22,27068,568,1142,180,650
6359.77,27372,568,1142,180,650
6368.39,27676,568,1142,180,650
6375.69,27996,568,1142,180,650
6383.94,28268,568,1142,180,650
6391.78,28541,568,1142,180,650
6400.47,28813,568,1142,180,650
6408.21,29005,568,1142,180,650
6417.27,29133,568,1142,180,650
6424.85,29229,568,1142,180,650
6434.31,29309,568,1142,180,650
6435.68,29389,568,1142,180,660
6443.08,29405,568,1142,180,660
6451.78,29437,568,1142,180,660
6469.66,29485,568,1142,178,660
6471.35,29117,568,1142,178,660
6479.05,28252,568,1143,178,660
6486.71,26700,569,1143,176,660
6495.46,24795,569,1143,176,660
6503.67,21978,569,1144,173,660
6504.82,15014,570,1145,173,660
7258.31,13510,651,1192,171,520
7259.33,13622,651,1192,171,530
7268.77,13974,651,1192,171,530
7276.55,14294,650,1192,170,540
7286.27,14390,650,1192,172,540
7287.79,14342,650,1191,172,540
7304.93,14854,650,1188,172,540
7306.04,16135,649,1185,172,540
7313.85,17111,649,1181,172,540
7321.68,18024,648,1176,172,540
7330.34,18616,647,1170,171,550
7338.58,19512,646,1164,173,550
7347.7,20281,645,1157,173,550
7348.93,20761,644,1150,173,550
7357.13,21273,643,1143,173,560
7365.96,21593,643,1136,172,570
7373.62,21705,643,1130,172,570
7383.2,21705,644,1125,172,580
7390.97,22106,646,1121,172,580
7399.71,22474,648,1117,172,590
7407.48,22554,651,1114,171,600
7416.54,22682,654,1112,171,600
7417.78,22730,657,1110,171,610
7438.63,22618,661,1109,171,610
7440.6,22618,665,1109,169,610
7441.7,22586,669,1109,171,620
7449.8,22538,673,1110,171,620
7457.79,22634,677,1112,171,620
7467.06,22666,681,1115,171,620
7475.51,22698,685,1119,171,620
7485.71,22682,688,1124,173,620
7486.96,22778,692,1130,173,620
7495.95,22810,696,1136,173,610
7503.39,22634,699,1143,175,610
7512.43,22346,702,1150,175,610
7519.87,21898,704,1157,175,600
7528.83,21433,706,1164,177,600
7536.68,21225,707,1169,177,590
7545.97,21193,708,1174,178,590
7553.91,21305,708,1178,178,580
7556.57,21481,708,1180,180,570
7565.28,21545,708,1182,180,570
7572.98,21673,707,1182,180,560
7581.92,21801,707,1182,180,560
7606.02,21657,706,1181,180,550
7607.57,21417,705,1179,180,550
7609.11,21385,703,1176,180,550
7610.14,21497,701,1172,180,540
7618.27,21753,700,1167,180,540
7627.48,21785,698,1163,180,550
7636.12,22090,698,1158,180,550
7645.65,22170,698,1153,180,550
7648.78,22602,698,1148,180,560
7656.82,22730,700,1144,180,560
7666.25,22906,702,1140,180,570
7674.87,23114,704,1136,180,570
7684.34,22794,707,1133,180,580
7686.15,21930,710,1131,180,580
7695.7,19721,713,1129,180,590
7703.43,15671,716,1127,180,590
7713,7091,718,1127,180,600
7846.32,16199,733,1142,179,560
7847.58,15767,733,1142,178,570
7855.01,15991,733,1142,178,570
7863.44,16503,733,1142,178,580
7871.35,16791,733,1142,178,580
7880.66,17271,733,1142,180,590
7888.41,17848,736,1139,180,590
7896.92,18680,737,1136,180,590
7905.48,19320,738,1134,180,590
7923.33,19737,739,1131,180,590
7924.47,20185,739,1128,180,590
7925.25,20553,739,1126,180,590
7934.45,20649,739,1123,180,590
7942.7,20825,739,1122,180,590
7952.11,20841,738,1120,180,600
7963.27,20985,738,1119,180,600
7964.85,21145,737,1118,180,600
7972.89,21353,736,1118,180,600
7982,21657,736,1118,180,600
7989.68,21994,735,1118,180,600
7998.97,22218,735,1118,180,600
8007.5,22410,735,1119,180,600
8009,22490,735,1121,180,600
8018.23,22458,735,1123,180,600
8026.68,22362,735,1126,180,600
8035.7,22442,736,1128,180,600
8054.03,22378,738,1132,180,600
8055.81,22474,740,1135,180,600
8057.28,22330,743,1138,180,600
8065.84,22362,745,1140,180,600
8073.94,22442,747,1142,180,600
8084.16,22154,750,1143,180,600
8085.36,22250,752,1143,180,600
8093.38,22234,754,1143,180,600
8102.39,22154,755,1143,180,600
8111.96,22058,757,1141,180,590
8119.95,22074,758,1139,182,590
8130.53,22106,760,1137,182,590
8132.05,22234,761,1135,182,590
8139.56,22234,762,1133,182,590
8148.82,22362,763,1130,183,590
8157.22,22458,764,1128,183,590
8167.03,22458,765,1127,183,590
8175.22,22442,766,1125,185,590
8177.91,22506,767,1124,185,590
8186.93,22522,768,1123,185,590
8195.98,22618,769,1123,185,590
8207.56,22682,770,1122,185,590
8209.08,22794,771,1122,187,590
8218.29,22890,772,1123,187,600
8226.34,23066,774,1124,187,600
8235.6,23178,775,1125,187,600
8246.19,23210,776,1127,187,600
8247.51,23130,778,1129,187,600
8255.19,22938,779,1132,187,600
8264.61,22666,780,1135,187,600
8273.44,22538,781,1137,187,600
8283.63,22362,781,1140,187,600
8285.21,22394,782,1141,187,600
8294.41,22058,782,1143,187,590
8303.15,21833,782,1143,187,590
8312.28,22010,782,1144,187,590
8320.12,22042,782,1144,187,590
8329.97,21898,781,1143,187,590
8331.42,21673,781,1142,187,590
8339.35,21593,780,1141,187,590
8348.81,21561,780,1139,187,590
8372.87,21641,779,1137,187,590
8374.47,21785,779,1136,187,590
8376.55,21914,779,1134,187,590
8379.48,22074,779,1133,187,590
8387.07,22106,779,1131,187,590
8396.59,22154,779,1130,187,590
8404.63,22218,780,1129,187,590
8414.69,21737,780,1129,187,590
8415.9,20505,781,1128,188,590
8424.04,17992,781,1128,188,590
8433.36,13862,782,1129,188,590
8533.56,17399,782,1157,186,550
8541.84,16631,782,1157,186,550
8550.67,16903,782,1157,186,550
8558.42,17896,782,1157,186,560
8567.64,19032,782,1157,186,560
8568.82,20249,781,1159,186,560
8577.87,20745,781,1159,186,560
8585.83,21129,781,1159,186,560
8594.65,21930,781,1159,186,560
8602.73,23034,781,1159,186,560
8611.26,24171,781,1159,187,560
8619.52,25291,781,1159,187,560
8629.07,26091,781,1159,187,560
8631.51,26828,781,1159,187,560
8639.02,27228,781,1159,188,570
8647.53,27628,781,1159,188,570
8673.62,27948,781,1159,188,570
8676.29,28172,781,1159,188,570
8679.11,28364,781,1159,188,570
8680.34,28445,781,1159,188,570
8687.37,28525,781,1159,188,570
8696.17,28573,781,1159,186,580
8703.16,28637,781,1159,186,580
8713.67,28653,781,1159,186,580
8714.89,28653,781,1159,185,580
8722.78,28717,782,1159,185,580
8731.66,28797,782,1159,183,580
8740.32,28877,782,1159,183,580
8749.65,28893,782,1159,182,580
8757.51,29021,782,1159,182,580
8767.06,29101,782,1159,180,580
8775.94,29021,782,1159,180,580
8784.49,28749,782,1159,180,580
8792.77,28300,782,1159,178,580
8805.25,27676,782,1159,178,580
8807.41,26732,782,1159,178,570
8824.61,25387,782,1159,177,570
8827.92,22858,782,1159,177,570
8836.42,17752,782,1159,177,570
8837.85,7315,782,1158,177,560
9000.86,16215,803,1150,171,520
9009.26,15335,803,1150,171,530
9018.54,14614,803,1150,172,530
9026.08,15046,803,1150,172,540
9036.48,15879,805,1146,173,550
9037.97,16935,806,1144,173,560
9046.56,17768,808,1141,174,560
9054.77,18360,810,1139,174,570
9063.68,18952,811,1137,175,570
9072.18,19384,813,1135,175,570
9082.24,19945,815,1133,175,570
9084.01,20217,816,1131,175,570
9092.48,20601,817,1130,177,570
9101.29,20761,818,1129,177,570
9122.84,20921,818,1128,177,570
9123.91,21097,819,1127,177,570
9125.39,21369,819,1126,177,570
9134.11,21561,819,1125,178,570
9136.36,21753,820,1125,178,580
9145.65,22010,820,1125,178,580
9153.31,22298,820,1125,178,580
9162.3,22618,820,1125,178,580
9169.79,23306,820,1125,180,580
9179.65,24075,820,1125,180,580
9187.09,24667,820,1125,180,580
9196.22,25131,821,1126,180,580
9198.44,25403,822,1127,180,580
9206.4,25451,822,1128,180,580
9216.09,25563,823,1130,180,580
9224.55,25579,824,1132,180,580
9233.5,25547,826,1134,180,580
9241.75,25627,827,1136,180,580
9251.46,25547,828,1139,180,580
9252.82,25467,829,1141,180,580
9262.65,25419,830,1143,180,580
9270.4,24795,831,1144,182,580
9290.41,23354,832,1145,182,580
9291.51,21561,833,1146,182,580
9292.63,19000,833,1146,182,580
9301.87,15591,834,1145,182,570
9310,12565,834,1144,182,570
9320.73,7539,834,1142,182,570
9381.11,6386,834,1131,180,570
9382.63,10500,834,1131,180,570
9390.47,11333,834,1131,180,570
9399.61,13542,834,1131,180,570
9407.51,14998,837,1130,180,580
9416.97,16439,839,1130,180,580
9450.75,17528,841,1130,180,580
9452,18392,843,1130,180,580
9453.35,18904,845,1130,180,580
9454.65,19448,848,1130,180,580
9455.81,19897,850,1131,180,580
9464.96,20265,852,1131,182,580
9466.24,20537,854,1132,182,580
9474.78,20921,856,1133,182,580
9484.31,21097,858,1134,182,580
9492.78,21401,859,1136,182,580
9502.39,21593,861,1138,182,580
9504.16,21641,862,1140,182,580
9522.06,21529,862,1143,182,580
9523.16,21657,863,1146,182,580
9532.22,21529,863,1148,182,580
9540.43,21017,863,1150,182,570
9549.67,20617,863,1152,182,570
9551.27,20841,863,1153,183,570
9559.64,20889,862,1154,183,570
9568.78,21049,861,1154,183,570
9590.09,20969,859,1153,183,570
9591.38,20841,857,1152,183,560
9592.89,20761,855,1150,183,560
9602.43,20873,854,1148,183,560
9604.01,21049,853,1146,183,560
9621.86,21049,852,1143,183,560
9622.73,21145,852,1141,183,570
9630.65,21305,852,1139,183,570
9638.74,21497,854,1137,183,570
9647.44,21449,856,1135,183,570
9655.27,21481,858,1134,183,570
9672.43,21497,861,1133,183,570
9673.86,21337,864,1132,183,570
9674.68,20633,867,1132,183,570
9683.32,19689,870,1132,183,570
9691.32,18584,873,1132,183,580
9700.32,17512,876,1133,183,580
9708.03,16135,879,1134,183,580
9716.85,15158,881,1136,183,580
9719.08,14262,883,1138,183,580
9741.16,13606,885,1140,185,580
9742.17,13270,886,1143,185,570
9742.93,13366,887,1145,185,570
9750.72,13750,887,1147,185,570
9758.94,14774,888,1148,185,570
9767.42,15927,888,1149,186,570
9775,17159,888,1150,186,570
9790.79,18088,888,1150,186,570
9791.67,18568,888,1150,186,570
9800.91,18616,888,1149,186,570
9809.77,18584,887,1148,186,560
9812.59,19208,887,1146,187,560
9820.46,20313,886,1143,187,560
9829.48,21097,885,1140,187,560
9837.44,21785,884,1137,187,560
9846.11,22282,883,1134,188,570
9854.51,22826,883,1132,188,570
9864.28,23338,882,1129,188,570
9865.57,23738,881,1127,188,570
9874.25,23930,881,1125,188,570
9883.77,23978,881,1124,188,570
9891.59,24091,880,1123,186,570
9902.2,24139,880,1122,186,570
9912.71,24219,880,1122,186,570
9919.73,24427,880,1122,186,570
9929.16,24651,880,1123,186,570
9954.53,24891,880,1124,186,570
9956.57,25051,880,1126,186,580
9957.5,25099,880,1128,186,580
9958.29,25035,880,1131,186,580
9966.52,24715,881,1135,186,580
9975.05,24395,882,1138,186,580
9984.72,23978,883,1142,186,580
9993.49,23562,883,1146,186,580
10003.5,22986,884,1149,186,570
10005.2,22826,885,1151,186,570
10014.3,22714,885,1153,186,570
10022.4,22634,886,1154,186,570
10031.3,22554,886,1154,186,570
10039.2,22394,886,1154,186,560
10048.2,22138,886,1154,187,560
10056.6,21914,886,1154,187,560
10058.3,21609,887,1154,187,560
10067.4,21049,888,1154,187,550
10092.9,20985,889,1154,187,550
10095.6,20841,891,1154,187,550
10097.1,20745,893,1154,187,550
10098.5,20713,896,1154,189,550
10105.9,20569,899,1154,189,550
10115.1,20505,902,1154,189,550
10123.4,20569,905,1155,189,550
10133.1,20505,908,1156,189,550
10134.5,20585,911,1157,189,550
10143.3,20585,914,1157,189,550
10152.8,20633,916,1158,189,550
10162.5,20649,919,1159,189,550
10164.3,20729,921,1160,189,550
10172.4,20681,922,1160,189,550
10181.8,20745,923,1161,189,550
10189.9,20889,923,1161,189,550
10198.3,21065,923,1161,190,550
10206,20697,923,1161,190,550
10222.7,21033,922,1160,190,550
10225.7,21017,921,1159,190,550
10228.6,21273,919,1157,190,550
10236.8,21545,917,1154,190,550
10245.9,21657,915,1152,190,550
10253.7,21978,913,1149,190,550
10263.7,22090,912,1147,190,550
10265,22266,911,1145,190,550
10272.9,22282,911,1143,190,560
10281.7,22362,911,1141,190,560
10290.5,22410,912,1139,190,560
10299.4,22394,914,1138,190,560
10307.1,22458,916,1137,191,570
10317.3,22474,919,1136,191,570
10318.8,22250,922,1135,191,570
10326.7,22202,925,1135,191,570
10335.9,22042,927,1135,191,570
10344.8,21930,930,1135,191,570
10362.9,21898,931,1135,191,570
10365,21914,932,1134,191,570
10366.5,21946,933,1134,191,570
10374.2,21962,933,1134,191,570
10383.1,22442,933,1134,191,570
10391.2,23274,933,1134,191,570
10401.1,23994,933,1134,191,570
10402.7,24363,933,1134,191,580
10411.7,24763,933,1133,191,580
10420.2,25643,933,1133,191,580
10429.9,26492,932,1133,191,580
10437.8,27164,932,1132,190,590
10447.2,27532,932,1131,190,590
10449,27740,931,1131,190,590
10457.3,27884,931,1130,190,600
10466.9,27980,931,1129,189,600
10475.6,28012,931,1128,189,610
10509.3,28028,931,1128,187,610
10513.7,28012,931,1127,187,610
10515.6,28108,931,1126,186,620
10517.5,28284,932,1125,186,620
10519,28396,933,1124,184,620
10520.4,28461,933,1124,182,620
10528.8,28541,934,1124,182,620
10536.5,28621,934,1123,180,620
10545.9,28685,934,1123,180,620
10554.7,28765,934,1123,180,620
10556.5,28813,934,1123,178,620
10566,28877,934,1123,178,620
10573.8,28925,934,1123,178,620
10582.7,28957,934,1123,176,620
10590.7,28989,934,1123,176,620
10607.5,29037,934,1123,176,620
10616.6,28989,934,1123,174,620
10617.8,28861,934,1123,174,620
10625.6,28685,934,1123,175,610
10634.4,28396,934,1123,175,610
10642.4,27996,934,1123,175,610
10658.5,27420,934,1123,175,610
10659.5,26476,934,1123,175,610
10668.5,25179,934,1123,175,600
10676.9,23130,934,1123,173,600
10679.6,20569,935,1123,173,600
10688,16583,935,1123,173,600
10696.3,10612,936,1124,173,600
10803.8,13542,950,1146,177,560
10813.1,13942,950,1146,179,560
10820.5,15110,950,1146,178,570
10829.4,15959,950,1146,178,570
10836.7,16535,950,1146,178,570
10846.8,16855,950,1146,180,570
10848.5,16871,950,1146,180,570
10856,16983,949,1146,180,570
10864.5,17079,948,1145,180,570
10873.5,17319,947,1144,180,570
10882.8,17736,946,1143,180,570
10891.1,18008,944,1141,180,570
10893.1,18184,943,1140,180,570
10902.2,18184,942,1138,180,570
10910.8,18184,941,1137,178,580
10919.4,18184,940,1136,178,580
10928,18200,940,1136,178,580
10957.6,18200,939,1135,178,580
10958.9,18104,939,1135,178,580
10963.2,17944,939,1134,177,580
10964.6,17720,939,1134,177,580
10965.8,17736,940,1134,177,580
10989.3,17800,941,1134,177,580
10990.5,17864,942,1133,177,580
10999.3,17992,944,1133,177,580
11000.7,18088,945,1133,177,580
11009.2,18120,947,1133,177,580
11018.3,18104,949,1133,178,580
11027.2,18120,951,1132,178,580
11036.1,18152,953,1132,178,580
11056.1,18072,954,1132,178,580
11057.7,18088,956,1131,178,580
11058.8,18120,958,1131,180,580
11067.1,18056,959,1131,180,580
11075.4,18056,960,1130,180,580
11079.9,18088,960,1130,180,580
11087.4,18040,961,1130,180,580
11097,17960,961,1130,180,580
11105,17816,961,1129,180,580
11113.6,17896,961,1129,180,580
11121.6,18056,961,1128,180,580
11131.2,18216,961,1127,180,580
11132.7,18744,961,1127,180,580
11141.1,19368,960,1126,180,580
11150.5,19689,959,1125,180,580
11158.8,20057,958,1125,180,580
11168.3,20409,957,1124,180,580
11169.8,20761,955,1123,180,580
11178.8,20841,953,1123,180,580
11186.7,21113,952,1123,180,580
11218.9,21273,950,1123,180,580
11220.6,21369,949,1122,180,580
11222.5,21417,947,1122,180,580
11223.4,21529,946,1122,180,580
11224.2,21305,946,1122,180,580
11232.6,20009,945,1122,180,580
11240.6,17480,945,1123,180,580
11250.2,13077,946,1123,178,580
11341.1,15062,961,1120,178,570
11342.6,15046,961,1120,178,570
11352.9,16151,961,1120,178,570
11354.5,17752,965,1120,178,580
11362.7,18824,967,1120,180,580
11371.4,19624,969,1121,180,580
11380.3,20137,971,1121,180,580
11388.5,20345,973,1122,180,580
11397.5,20425,974,1123,180,580
11406.5,20537,976,1124,180,580
11408,20745,978,1125,180,580
11417.2,21033,979,1127,180,580
11425.7,21081,981,1129,180,580
11442.2,21113,982,1131,180,580
11443,20969,982,1133,180,580
11452.8,20873,982,1135,180,580
11454,20681,982,1137,180,580
11463,20313,982,1138,180,580
11471.2,20297,982,1139,180,580
11480.9,20393,981,1140,180,580
11488.9,20233,980,1140,180,580
11498.3,20217,979,1141,180,580
11499.6,20153,978,1141,180,580
11507.6,20073,977,1141,180,580
11517,19881,976,1140,180,580
11525.2,19801,975,1139,180,580
11534.3,19673,974,1137,182,580
11542.4,20009,974,1136,182,580
11552.7,20217,974,1134,182,580
11553.9,20377,973,1132,182,580
11573.7,20681,973,1129,182,580
11575.9,21097,973,1127,182,580
11577.9,21289,974,1126,182,580
11586.3,21433,975,1124,182,580
11595.1,21465,976,1123,182,580
11602.8,21305,977,1122,182,580
11612.6,19977,978,1122,182,580
11621,17303,980,1122,182,580
11622.3,12053,981,1123,182,580
11726.4,19048,988,1163,183,540
11735.3,19112,988,1163,183,530
11744.3,20425,988,1163,183,540
11746.7,21657,986,1166,183,540
11754.4,22698,985,1166,183,540
11763.2,23626,985,1167,183,540
11771.5,24075,985,1167,183,540
11779.8,23930,985,1167,183,540
11787.5,23434,985,1167,184,540
11796.1,21481,986,1166,184,540
11805.4,19336,987,1166,184,540
11807.1,16311,987,1166,184,540
11816.7,9860,989,1164,184,540
11966.5,15607,1019,1191,184,480
11968.2,15895,1019,1191,185,490
11976.4,17047,1019,1191,185,500
11985.2,18104,1019,1191,185,510
11993.5,18824,1019,1191,186,510
12002.7,18968,1019,1191,186,520
12010.4,18872,1019,1191,186,520
12020.2,19096,1019,1187,186,520
12021.6,19945,1019,1184,186,520
12031,20793,1019,1180,188,520
12058.1,21353,1018,1175,188,520
12059.8,21946,1017,1170,188,520
12061.4,22666,1016,1165,188,520
12063.5,23002,1016,1160,188,530
12071.2,23370,1015,1155,188,530
12081,23674,1014,1150,188,530
12089.1,23898,1014,1146,188,540
12090.4,24075,1013,1142,187,540
12099.7,24203,1013,1138,187,550
12107.8,24187,1013,1136,187,550
12116.8,24059,1013,1133,187,560
12125.5,23210,1013,1132,187,560
12135.9,21625,1013,1131,186,570
12137.1,18824,1013,1130,186,570
12146,12805,1013,1130,186,570
12252.7,17576,998,1148,183,550
12261.8,18856,998,1148,183,550
12269.2,19801,998,1148,183,550
12276.8,20265,998,1148,183,550
12285.1,20697,1003,1149,183,560
12293.2,20633,1007,1150,183,560
12298.8,20505,1011,1151,183,560
12306.5,20169,1016,1151,183,560
12316.1,19897,1021,1152,183,560
12337.1,19721,1025,1153,183,560
12338.5,19608,1029,1154,184,560
12340.1,19705,1033,1155,184,560
12348.7,19673,1036,1156,184,560
12350.9,19689,1038,1157,184,560
12359.2,19753,1040,1157,184,560
12368.6,19897,1041,1158,186,550
12377.2,19961,1041,1158,186,550
12385.7,19705,1041,1157,186,550
12396.9,19336,1041,1156,186,550
12398.6,20073,1040,1154,186,550
12406,20841,1039,1152,186,550
12415.5,21193,1038,1150,187,550
12423.5,21657,1037,1148,187,550
12432.6,21785,1037,1146,187,560
12440.9,21657,1037,1144,187,560
12443.2,21577,1037,1142,187,560
12452.6,21737,1037,1141,187,560
12461.8,21753,1039,1140,187,560
12470.5,21721,1040,1139,187,560
12489.6,21946,1042,1139,187,560
12491.8,22202,1044,1139,188,570
12494.5,22506,1047,1139,188,570
12497.2,22522,1049,1140,188,570
12505,22778,1052,1142,188,570
12514.4,22938,1055,1143,188,570
12522.9,23002,1057,1145,188,570
12531.8,22986,1060,1148,187,560
12540.4,22938,1063,1150,187,560
12550.1,22842,1065,1152,187,560
12551.6,22842,1066,1153,187,560
12559.7,22842,1067,1154,187,560
12568.9,23034,1067,1154,189,560
12576.9,23018,1067,1155,189,550
12585.7,23002,1067,1155,189,550
12593.7,22890,1067,1155,189,550
12603.5,22682,1067,1155,189,550
12604.7,22330,1067,1154,189,550
12614.1,21962,1067,1153,189,550
12635.3,21898,1067,1151,189,550
12637.1,21994,1067,1148,190,550
12638,22138,1067,1145,190,550
12646.1,22330,1067,1141,190,550
12653.7,22458,1068,1136,190,550
12662.4,22554,1069,1132,190,550
12670.1,22634,1069,1127,190,560
12678.3,22858,1070,1122,190,560
12681.4,22826,1071,1116,190,560
12692.4,22890,1071,1111,192,550
12705.8,22890,1071,1106,192,550
12707,22874,1071,1102,192,560
12715.6,22874,1070,1097,192,560
12723.6,22874,1068,1093,192,560
12732.2,22970,1066,1088,191,580
12750.3,22586,1063,1085,191,580
12752.9,22234,1059,1081,191,580
12759.3,21401,1055,1079,192,580
12763.1,20745,1050,1077,190,590
12770.2,20281,1046,1076,190,590
12777.2,19881,1041,1076,189,600
12785.4,19656,1036,1076,189,600
12793.3,19673,1032,1077,189,600
12803,19945,1028,1080,187,600
12804.5,20297,1026,1083,187,600
12813.2,20985,1024,1086,187,610
12820.7,21593,1024,1090,187,610
12829.4,21625,1024,1095,187,610
12837.6,21545,1026,1099,187,610
12846.1,21946,1030,1103,187,610
12853.8,22106,1034,1107,187,600
12862.1,22026,1039,1110,187,600
12869.5,22298,1044,1111,187,600
12878.2,22346,1048,1112,187,600
12881.2,22522,1052,1112,187,590
12888.8,22602,1056,1112,187,590
12906.3,22730,1059,1112,188,590
12907.5,22778,1061,1111,188,580
12915.8,22762,1062,1111,188,580
12923.4,22714,1063,1111,188,580
12932.2,21593,1063,1110,188,580
12933.9,18968,1063,1110,188,580
12942.6,12837,1061,1110,188,570
