709.082,14342,505,948,144,540
715.631,15671,505,948,145,550
733.075,17383,505,948,145,560
737.496,18872,505,948,145,560
742.356,19544,502,951,147,560
746.28,20025,501,951,147,560
762.505,20233,501,951,147,560
767.949,20089,502,951,147,560
772.675,19961,502,950,147,560
776.734,19913,503,948,146,570
798.825,19945,504,945,146,570
804.795,20297,505,942,146,570
815.083,20649,506,937,146,570
822.003,20857,508,933,146,570
826.731,21321,509,927,144,580
830.93,21497,511,921,144,580
836.034,21721,513,915,144,580
840.352,21753,515,909,144,580
844.846,21898,517,903,143,590
860.682,21833,519,898,143,590
866.057,21673,521,894,143,590
869.502,21753,522,890,142,590
887.624,21657,524,888,141,590
891.086,21673,524,887,141,590
896.203,21737,524,887,141,590
900.527,22234,524,889,139,580
918.441,23450,522,892,139,580
922.526,23546,520,897,139,580
926.984,23610,518,903,139,580
934.179,23706,515,910,139,580
937.737,23962,515,910,139,580
955.259,23898,509,925,139,580
959.708,23834,506,933,139,580
965.411,23962,503,940,140,580
968.88,23738,500,947,140,580
987.541,23754,497,952,142,570
991.302,23578,494,957,142,570
996.585,23498,491,961,143,560
1000.75,23162,489,964,143,560
1005.96,23162,488,965,143,560
1022.99,23290,487,966,144,570
1029.14,23258,487,967,145,560
1034.85,23002,488,968,145,560
1038.23,22474,491,968,145,560
1056.16,22346,496,968,144,570
1060.39,22346,501,968,144,570
1066.25,22410,508,967,144,570
1072.2,22586,515,965,146,570
1075.86,22458,522,962,146,570
1099.17,22090,529,959,146,570
1103.69,22058,536,956,147,560
1107.45,21962,542,952,147,560
1112.74,22074,548,948,148,570
1119.21,21946,552,944,148,570
1122.73,21994,555,941,148,570
1128.26,22026,556,939,149,560
1143.66,22010,556,936,149,560
1149.57,21914,554,935,149,560
1153.07,21817,551,933,149,560
1171.42,21930,545,932,149,560
1175.6,21962,539,931,149,560
1182.24,22026,531,930,149,560
1187.09,22026,523,930,149,560
1191.15,22250,515,929,149,560
1197.41,22042,507,929,147,560
1216.07,22218,500,929,147,560
1220.8,21753,495,928,147,560
1224.35,21721,491,928,147,560
1229.83,21289,489,928,145,560
1245.86,19160,489,928,144,570
1251.08,12485,491,928,144,570
1255.2,3361,495,929,144,570
1393.33,16583,612,931,148,510
1398.05,14310,612,931,149,520
1402.45,15030,612,931,148,530
1405.92,16711,612,931,148,540
1411.22,16999,612,931,147,550
1426.24,17239,611,932,148,560
1431.65,17223,611,932,147,560
1434.93,17079,611,931,147,560
1451.39,17383,610,930,146,570
1455.52,17864,609,928,146,570
1459.15,17528,607,926,146,570
1474.24,18040,606,924,146,570
1483.86,18088,603,921,144,580
1488.41,17992,601,919,144,580
1491.32,18360,598,916,144,580
1496.91,18328,596,914,144,580
1510.87,18280,594,912,144,580
1515.61,18024,591,910,144,580
1519.45,17672,589,909,144,580
1535.36,17207,588,908,144,580
1539.2,17223,586,907,144,580
1542.91,17512,585,907,143,570
1558.83,17640,584,908,143,570
1565.62,17592,582,910,143,570
1569.93,17656,581,912,144,580
1573.38,17848,580,916,144,580
1589.53,17672,580,919,144,580
1593.63,18088,580,924,144,580
1598.1,18168,580,928,144,580
1614.21,18056,580,932,146,580
1618.73,18360,582,935,147,580
1622.56,19240,583,937,147,580
1626.19,19432,584,939,147,580
1641.99,19977,586,940,147,580
1646.94,19913,587,940,147,580
1650.63,19560,589,939,148,570
1666.45,19560,592,938,148,570
1671,19592,595,936,148,570
1674.54,19737,598,934,148,570
1688.89,19769,601,931,148,570
1692.57,19769,605,928,148,570
1696.09,19881,608,924,147,580
1712.05,19833,611,921,147,580
1717.18,19849,613,918,146,570
1721.02,19897,616,915,146,570
1735.9,19977,618,912,146,570
1740.07,20137,620,910,144,580
1742.97,20057,622,908,144,580
1757.97,20073,624,908,144,580
1763.83,20009,625,908,144,580
1767.29,20057,627,909,146,580
1772.96,20265,628,911,146,580
1788.99,20489,629,915,146,580
1792.79,20585,630,919,146,580
1796.99,20585,630,925,146,580
1810.69,20473,631,931,146,580
1816.95,20505,631,938,147,590
1820.92,20585,630,945,147,590
1825.33,20697,629,951,149,580
1841.37,20697,627,958,149,580
1844.35,20729,625,963,149,580
1851.03,20825,623,967,149,580
1866.16,20649,621,971,150,570
1870.36,20617,619,973,150,570
1873.99,20585,618,974,150,570
1889.76,20601,617,974,150,570
1893.71,20697,617,974,151,560
1898.8,21017,617,974,151,560
1902.61,20553,617,972,151,560
1920.14,20681,617,969,151,560
1924.23,20713,619,966,151,560
1927.21,20633,620,961,151,560
1933.67,20617,623,956,151,560
1950.74,20729,626,951,151,560
1954.61,20793,629,945,151,560
1957.77,20889,632,940,151,580
1972.76,20985,635,934,151,580
1977.08,21129,638,929,151,580
1981.38,21273,640,924,151,580
1996.75,21449,642,920,151,580
2001.67,21417,644,916,152,590
2004.64,21465,646,914,152,590
2020.14,21497,648,912,152,590
2024.48,21385,649,911,151,600
2029.17,21289,651,911,151,600
2034.02,21369,652,911,151,600
2050.38,21497,653,913,151,600
2054.67,21785,655,917,151,600
2058.03,21801,657,921,151,600
2073.12,21801,658,927,151,600
2077.29,21577,660,934,151,600
2084.81,21561,661,941,151,600
2087.69,21513,662,948,151,600
2102.07,21353,663,955,151,600
2105.14,21481,663,962,152,590
2110.58,21513,663,969,152,590
2124.95,21689,662,975,152,590
2128.53,21561,661,980,153,580
2135.75,21513,660,984,153,580
2140.8,21481,659,987,153,580
2155.67,21609,658,989,154,570
2159.22,21593,657,990,154,570
2164.25,21673,657,991,154,570
2179.28,21882,657,991,154,570
2184.14,21817,657,991,154,560
2187.25,21465,657,990,154,560
2202.48,20921,657,988,154,560
2205.63,20969,658,985,156,570
2209.69,20857,659,980,156,570
2223.77,21129,660,975,157,560
2226.4,21305,661,970,156,570
2240.79,21321,663,964,156,570
2243.32,21337,665,957,156,570
2257.52,21225,666,951,156,570
2260.71,21241,668,945,154,560
2265.1,21385,670,938,154,570
2279.07,21513,672,932,154,570
2283.46,21593,675,927,154,570
2286.13,21705,677,922,153,580
2300.24,21737,680,918,153,580
2302.86,21833,682,916,153,580
2316.29,21898,684,914,152,590
2319.02,21978,685,912,152,590
2333.83,21801,686,912,151,600
2336.35,21129,686,913,151,600
2339.82,20489,684,915,151,600
2352.71,16807,681,917,151,600
2355.36,10900,676,921,151,600
2453.07,14934,614,944,149,550
2456.04,14966,614,944,149,550
2470.21,15030,611,943,149,550
2472.82,15575,610,942,149,550
2486.88,16327,610,942,150,550
2490.27,16615,610,941,149,560
2492.84,17175,611,941,149,560
2507.17,18104,614,940,149,560
2509.77,19240,619,940,149,560
2523.44,20105,626,940,151,560
2525.9,20745,635,940,151,560
2540.36,21353,646,941,151,560
2543.29,21465,657,942,151,560
2548.87,21481,669,943,152,570
2560.74,21497,681,945,152,570
2565.01,21465,692,946,154,570
2577.17,20377,701,947,154,570
2582.57,18760,709,948,155,580
2585.28,16551,714,948,155,580
2599.45,13702,717,949,157,580
2602.03,10468,717,949,157,580
2751.71,19240,742,940,153,560
2754.18,15655,742,940,154,550
2767.9,15991,742,940,154,550
2770.72,16535,738,941,154,550
2784.28,16823,736,941,154,550
2787.19,16791,734,941,154,560
2800.87,17255,733,941,154,560
2803.27,18056,732,941,154,570
2816.65,18920,731,941,154,570
2819.41,19608,731,941,151,580
2822.54,20153,731,941,151,580
2838.01,19656,731,940,150,570
2852.94,19673,732,940,150,570
2855.57,19608,733,940,150,570
2871.07,19753,735,939,150,570
2874.99,19640,739,939,148,570
2879.02,19961,742,939,148,570
2884.13,20137,747,939,148,570
2899.64,20281,752,939,148,570
2902.23,20297,757,940,148,570
2906.34,20521,761,942,150,570
2918.35,20489,764,944,150,570
2933.89,20569,766,945,150,570
2937.61,20633,766,945,150,570
2940.12,20809,768,949,151,580
2952.91,21033,767,951,151,580
2955.35,21081,765,953,151,580
2969.3,21033,762,954,151,580
2971.91,21001,758,956,151,580
2987.42,20521,754,956,151,580
2991.67,19833,749,956,151,580
2995.22,20025,744,956,150,570
3001.46,19753,739,954,151,560
3015.83,20025,736,952,151,560
3018.62,20073,733,950,149,560
3022.92,20121,731,947,148,570
3037.32,20217,730,944,147,560
3040.11,20217,729,941,147,560
3054.72,20265,729,939,147,560
3058.42,20265,729,936,147,560
3060.96,20217,729,934,144,570
3074.23,20233,730,932,144,570
3077.7,20153,732,931,146,570
3085.94,20329,735,929,146,570
3100.08,20649,739,928,144,580
3102.8,20905,744,928,144,580
3106.62,21177,750,927,146,580
3119.02,21289,756,927,146,580
3122.02,21433,763,928,146,580
3136.61,21465,769,929,147,590
3139.23,21497,775,931,147,590
3152.63,21401,781,933,147,590
3155.05,20745,785,935,149,590
3169.13,21129,788,938,150,580
3172.06,20793,791,941,150,580
3175.27,21001,792,944,152,590
3190.17,21225,792,946,152,590
3192.76,21049,792,948,153,580
3207.17,21049,791,950,153,580
3210.47,21097,789,951,153,580
3215.81,21257,787,953,153,580
3229.13,21097,784,954,154,570
3233.45,21097,782,955,154,570
3236.74,20985,780,955,154,570
3249.17,21305,778,956,154,570
3252.15,21369,778,956,154,570
3265.92,21273,778,956,152,570
3268.63,20841,778,956,152,570
3282.36,20505,780,956,152,570
3284.95,20681,783,956,152,570
3299.77,20489,786,956,152,570
3303.32,20649,791,956,152,570
3306.24,20745,796,957,152,570
3318.33,20697,801,957,152,570
3321.81,20793,807,958,152,570
3334.13,20873,812,958,152,570
3337.34,21145,817,959,154,570
3350.57,20937,821,960,154,570
3353.23,21241,824,960,154,570
3366.17,21337,826,960,154,570
3368.78,21337,827,961,154,570
3382.63,21193,827,961,154,570
3385.26,21081,827,961,154,570
3399.74,20841,825,960,154,570
3403.08,20953,823,959,154,570
3405.59,20633,821,958,154,570
3419.29,20617,819,956,154,570
3421.89,20569,816,955,154,570
3435.85,20649,814,952,154,570
3438.62,20569,813,950,154,560
3452.64,20345,813,948,154,560
3455.02,20217,813,945,154,560
3459.51,20089,814,943,154,570
3474.25,20105,816,941,154,570
3476.72,20345,819,939,154,570
3492.07,20809,822,937,154,570
3498.01,20953,826,936,154,570
3500.77,21177,830,934,154,570
3514.75,21369,835,934,154,570
3518.43,21353,839,933,155,580
3521.33,21449,842,933,155,580
3534.94,21369,845,933,155,580
3537.82,21449,845,933,155,580
3551.46,21481,849,932,155,580
3554.14,21577,849,932,155,580
3568.02,21337,850,932,155,580
3571.32,19977,850,933,155,580
3574.42,14598,850,934,155,580
3804.64,16999,862,958,151,540
3807.4,18328,862,958,151,540
3820.53,19689,862,958,151,540
3822.98,20825,862,958,150,550
3836.32,21449,861,959,152,560
3839,21737,861,959,151,560
3852.07,21914,861,959,151,560
3854.78,21705,861,959,151,560
3858.44,21417,861,958,152,570
3872.6,21081,861,957,152,570
3875.11,21257,861,955,152,570
3889.04,21497,861,953,152,570
3891.52,21657,861,951,152,570
3905.32,21625,861,948,152,570
3908.47,21721,861,945,152,570
3913.78,21673,862,943,152,570
3925.92,21737,863,942,152,570
3930.29,21785,865,940,152,570
3942.14,21737,866,940,150,570
3945.46,21801,867,939,150,570
3958.1,21801,868,939,150,570
3960.58,21753,870,939,150,570
3973.96,21785,872,941,150,570
3976.62,21801,874,943,150,570
3990.05,21994,876,945,151,580
3992.85,22314,879,948,151,580
3998.38,22394,882,951,151,580
4010.42,22346,885,954,151,580
4015.37,22474,888,957,151,580
4019.78,22554,891,960,153,580
4032.6,22682,893,962,154,570
4035.33,22714,894,963,154,570
4049.86,22570,895,964,155,580
4052.46,22586,896,964,155,580
4066.84,22218,897,963,155,580
4069.84,21817,898,962,155,580
4073.28,21801,899,960,157,570
4089.38,21833,901,958,157,570
4091.78,21850,903,955,157,570
4097.55,21850,904,951,157,570
4110.61,21833,906,948,157,570
4115.56,21898,909,945,157,570
4120.2,21930,912,942,157,580
4137.1,21962,912,942,157,580
4140.86,22010,919,937,157,580
4143.47,19849,923,935,157,580
4158.09,14198,927,935,157,580
4463.91,17624,984,975,147,520
4467.06,18328,984,975,148,530
4480.11,19592,984,975,148,540
4482.87,20153,984,975,148,540
4492.93,20377,984,975,150,540
4498.42,20233,984,975,149,550
4509.79,20329,984,976,150,550
4514.56,19961,984,975,150,550
4518.98,19817,984,973,150,550
4532.82,20169,984,970,150,550
4535.81,20441,984,966,150,550
4549.8,20649,984,962,150,550
4552.24,20553,984,958,150,550
4556.53,20489,984,954,149,550
4568.96,20553,984,950,148,560
4572.14,20505,984,947,148,560
4585.03,20601,984,945,148,560
4587.96,20521,984,943,148,560
4602.56,20553,984,942,148,560
4605.61,20537,984,942,148,560
4620.56,20825,983,943,148,560
4624.23,21882,983,945,146,550
4627.04,21801,982,948,148,560
4641.33,22010,981,951,148,560
4643.78,22234,980,956,148,560
4657.43,22426,979,961,148,560
4660.74,22442,978,967,148,560
4665.65,22538,977,973,148,560
4678.87,22522,977,978,148,560
4682.56,22330,976,984,149,560
4697.35,22314,976,988,150,550
4701.08,22218,976,992,150,550
4703.68,22234,976,995,150,550
4717.55,21449,977,997,151,540
4720.32,21321,979,998,151,540
4734.18,21561,982,998,151,540
4737.09,21497,986,998,153,550
4740.55,21369,990,998,153,540
4753.25,21353,994,997,153,540
4756.52,21193,999,995,153,540
4769.91,21097,1003,993,153,540
4772.64,21081,1007,991,155,540
4786.54,21241,1011,988,156,530
4788.99,21049,1014,985,156,530
4802.2,21033,1017,982,156,530
4804.64,21017,1018,979,157,540
4818.25,20825,1018,976,157,540
4820.72,20665,1018,974,157,540
4825.39,20585,1016,972,156,550
4840.73,20681,1012,970,156,550
4843.25,20297,1008,969,156,550
4858.26,20729,1004,969,156,550
4862.53,20841,999,969,156,550
4866.27,20905,994,969,155,550
4881.62,20873,990,969,155,550
4885.61,20937,987,969,154,550
4888.34,20953,984,970,154,550
4902.31,20729,982,970,154,550
4904.76,20297,982,971,154,550
4917.56,18536,982,972,154,550
4920,14102,984,972,153,550
4934.67,6258,986,973,153,550
5060.97,15286,1026,968,156,530
5065.36,16599,1026,968,158,530
5077.58,17768,1026,968,157,540
5084.36,18216,1026,968,157,540
5087.29,18376,1026,968,156,550
5098.19,18360,1026,968,156,550
5101.37,17816,1026,968,155,550
5115.79,17576,1026,967,155,550
5118.5,17944,1026,966,157,560
5132.07,18280,1026,964,157,560
5134.82,18568,1027,963,157,560
5149.85,18808,1027,960,157,560
5153.34,18840,1028,958,157,560
5156.37,19064,1028,956,157,560
5169.73,19144,1029,955,158,550
5172.19,19176,1029,953,158,550
5186.13,19160,1029,952,158,550
5188.72,19208,1029,952,158,550
5203.55,19192,1030,952,158,550
5207.64,19304,1030,952,158,550
5210.25,20329,1030,953,158,550
5217.48,21625,1030,954,158,550
5230.52,21850,1029,956,158,550
5233.64,21882,1029,959,158,550
5248,21914,1028,961,158,550
5250.97,21946,1028,963,158,550
5254.64,22106,1027,965,158,550
5267.03,22122,1027,967,158,550
5270.37,22042,1027,968,158,550
5284.39,21833,1027,969,158,550
5287.7,21177,1027,969,158,550
5300.83,20377,1029,969,158,550
5303.26,20281,1031,969,157,560
5317.73,20281,1035,970,157,560
5320.97,20297,1039,970,157,560
5323.6,20105,1043,970,157,560
5336.92,20249,1048,970,157,560
5340.06,20297,1052,970,157,560
5354.79,20297,1056,970,157,560
5357.33,20361,1059,969,155,550
5370.46,20473,1061,969,155,550
5372.86,20473,1062,969,158,550
5377.41,20505,1063,969,158,550
5391.29,20185,1063,969,158,550
5393.78,20777,1063,969,158,550
5407.57,21561,1061,969,158,550
5410.3,21785,1060,968,158,550
5424.02,21833,1058,968,158,550
5426.85,21785,1056,967,158,550
5433.33,21817,1054,965,158,550
5448.14,21689,1053,964,158,540
5451.65,21513,1052,962,158,540
5454.67,21465,1052,960,158,540
5468.4,21385,1052,958,158,540
5471.08,21385,1052,956,158,540
5485.65,21305,1054,955,158,540
5489.02,21177,1056,954,158,540
5492.34,20601,1059,953,157,540
5506.97,19608,1063,952,157,540
5510.09,17768,1063,952,158,540
5524.25,15030,1072,952,158,540
5527.46,11253,1076,953,158,540
5533.27,5170,1080,955,158,540
5583.11,10933,1091,963,162,540
5586.26,13814,1091,963,162,540
5599.63,16007,1091,963,162,540
5602.13,18056,1091,963,162,530
5615.56,19112,1091,963,162,530
5618.15,20505,1091,963,162,530
5631.18,20985,1091,966,162,530
5633.74,21305,1090,966,162,530
5638.16,21385,1090,965,162,530
5652.72,21257,1089,964,162,540
5655.5,21145,1088,963,162,540
5669.5,21129,1087,961,162,540
5671.99,20953,1087,959,162,540
5677.33,20889,1087,957,162,540
5690.3,20905,1087,954,162,540
5692.87,20905,1088,952,162,540
5707.44,20777,1090,950,162,540
5709.96,20793,1092,948,162,540
5724.26,20441,1094,947,162,540
5728.53,20425,1097,946,162,540
5732.1,20297,1100,946,162,540
5745.29,20505,1103,946,162,540
5749.04,20585,1105,947,160,530
5752.76,20697,1107,948,160,530
5766.03,21097,1108,950,160,530
5769.1,21529,1109,952,162,540
5784.09,21545,1109,952,162,540
5786.68,21577,1108,957,162,540
5791.53,21305,1107,960,162,540
5804.32,21177,1105,962,162,540
5807.56,21449,1103,964,163,540
5821.23,21673,1100,966,163,540
5823.71,21577,1098,967,163,540
5839.2,21481,1097,968,163,540
5842.1,21321,1096,968,163,540
5847.11,20809,1095,967,163,540
5860.44,18936,1095,966,163,540
5865.15,16071,1095,965,163,540
5868.54,11013,1096,964,163,540
6033.83,14310,1155,966,167,500
6036.65,15062,1155,966,167,500
6049.6,16215,1155,966,167,500
6052.25,17784,1155,966,166,510
6066.99,18424,1155,966,166,520
6069.91,18664,1155,966,166,520
6085.09,18760,1155,966,165,530
6088.64,18840,1155,966,165,530
6091.41,19128,1155,965,165,530
6104.11,19448,1155,964,165,530
6107.18,19528,1155,964,164,530
6122.21,19560,1155,963,164,530
6124.7,19512,1155,963,164,530
6131.49,19560,1155,963,164,530
6144.18,19416,1155,963,164,530
6157.64,19785,1155,963,164,530
6160.46,21257,1155,964,164,530
6174.37,21962,1155,965,162,530
6176.91,22042,1155,966,162,530
6191.1,21930,1155,967,162,530
6193.51,21914,1154,969,162,530
6208.3,21994,1153,970,162,530
6213.9,22106,1151,971,162,530
6216.62,21994,1149,972,162,530
6229.16,21801,1147,973,162,530
6232.74,21817,1144,973,162,530
6237.55,21817,1142,973,162,530
6251.23,21721,1140,972,162,530
6253.74,21657,1138,971,162,530
6267.26,21641,1136,969,162,530
6270.24,21497,1135,967,162,530
6283.58,21497,1134,965,161,520
6286.28,21369,1133,963,161,520
6290.3,21273,1133,961,161,520
6302.63,21241,1134,959,160,520
6306.22,21113,1136,956,159,530
6319.81,21049,1139,954,159,530
6322.4,21145,1143,953,159,530
6336.27,21161,1149,951,159,530
6338.85,20985,1155,951,159,530
6351.86,18744,1161,951,159,530
6354.28,16583,1167,951,160,520
6368.64,11829,1172,952,161,520
6762.83,11301,1187,962,162,510
6775.67,12965,1187,962,162,520
6778.22,15687,1187,962,162,520
6791.67,17768,1187,962,161,520
6794.77,19176,1187,962,161,520
6797.76,19977,1187,962,161,520
6810.37,20217,1187,962,161,520
6813.38,20249,1187,962,161,520
6826.52,20281,1187,962,161,520
6829.43,20297,1187,962,161,520
6843.26,20281,1187,962,161,520
6861.95,20313,1187,962,161,520
6873.61,20393,1187,962,161,520
6877.51,20489,1187,962,161,520
6887.47,20633,1187,962,161,520
6899.81,21049,1187,962,161,520
6902.28,21513,1187,962,161,520
6915.04,21785,1187,962,161,520
6920.53,21946,1187,962,161,520
6924.71,22058,1187,962,161,520
6935.33,22106,1187,962,161,520
6938.33,22138,1187,962,161,520
6951.15,22106,1187,962,161,520
6953.61,22138,1187,962,161,520
6966.44,22250,1187,962,161,520
6969.34,22266,1187,962,161,520
6992.25,22250,1187,962,161,520
7003.71,22170,1187,962,161,520
7009.08,22122,1187,962,161,520
7011.68,22058,1187,962,161,520
7022.4,22010,1187,962,161,520
7034.2,21946,1188,962,161,520
7037.06,21833,1188,961,161,520
7050.95,21561,1189,961,161,520
7053.37,21177,1191,961,161,520
7067.59,21065,1193,961,161,520
7075.62,21289,1195,960,161,520
7079.64,21497,1197,960,161,520
7082.35,21737,1200,961,161,520
7095.53,21833,1202,961,163,520
7098.5,22138,1204,962,163,520
7112.26,22330,1204,962,163,520
7114.82,22410,1207,964,164,520
7129.7,22330,1207,965,164,520
7132.85,22330,1207,966,166,520
7135.51,21833,1206,967,167,520
7150.12,21850,1205,968,167,520
7152.6,21689,1203,969,167,520
7166.45,21289,1200,970,167,520
7169.44,20793,1197,970,167,520
7174.45,20345,1195,970,167,520
7185.42,20169,1192,970,167,520
7191.76,20425,1190,970,166,520
7195.94,20233,1188,970,166,520
7210.12,20409,1186,969,164,530
7212.75,20137,1185,968,164,530
7226.59,20265,1184,966,164,530
7229.26,20249,1183,965,162,530
7243.29,20249,1182,963,162,530
7245.7,20345,1181,961,162,530
7260.48,20345,1181,960,162,530
7264.03,20345,1181,958,161,520
7267.36,20329,1181,956,161,520
7280.61,20361,1181,954,161,520
7283.21,20345,1183,952,161,520
7296.84,20329,1184,950,161,520
7299.73,20553,1186,948,161,520
7304.33,20697,1189,946,161,520
7319.51,20537,1192,945,161,520
7324.33,20505,1196,945,161,520
7328.54,20889,1200,945,161,520
7342.53,21145,1205,945,161,520
7345.17,21321,1209,946,162,530
7359.31,21433,1214,947,162,530
7362.93,21193,1218,949,164,530
7365.5,21401,1221,952,164,520
7376.78,21417,1224,954,166,520
7381.53,21529,1226,956,167,520
7395.07,21433,1228,959,167,520
7397.97,21673,1229,961,169,510
7412.42,21833,1230,963,169,510
7414.86,21625,1230,965,170,520
7419.25,21449,1229,967,170,520
7433.39,21609,1229,968,171,520
7435.87,21817,1228,969,171,520
7450.22,22058,1228,970,171,520
7452.76,22266,1227,970,172,520
7466.68,22362,1227,970,172,520
7469.55,22330,1227,970,172,520
7481.32,22330,1227,970,172,530
7483.79,22218,1227,970,173,530
7496.92,21930,1227,970,173,530
7500.03,21529,1228,969,175,530
7503.12,21497,1229,967,175,530
7517.42,21465,1231,966,175,530
7520.01,21417,1233,964,175,530
7534.73,21385,1236,962,175,530
7537.28,21353,1238,960,175,530
7552.09,21401,1241,958,174,520
7558.42,21337,1243,956,174,520
7561.33,21433,1245,954,174,520
7565.93,21433,1246,953,172,520
7579.65,21353,1247,952,173,510
7582.46,21337,1247,952,173,510
7596.86,21337,1247,950,173,510
7600.08,21385,1246,949,173,510
7603.36,21529,1245,949,173,500
7617.72,21497,1243,948,173,500
7620.31,21593,1242,948,173,500
7634.72,21545,1241,948,173,500
7637.18,21593,1240,947,173,500
7651.17,21545,1239,947,174,500
7655.51,21609,1239,947,174,500
7659.74,21513,1239,947,174,500
7663.59,21577,1239,947,174,500
7674.9,21657,1239,947,174,500
7686.52,21529,1239,947,174,500
7692.22,21193,1240,947,174,500
7695.28,21161,1242,948,174,500
7709.44,21257,1244,948,174,500
7712.11,21321,1247,949,174,500
7726.37,21465,1249,950,174,500
7728.88,21497,1252,951,174,500
7744.3,21673,1255,953,174,500
7749.19,21625,1257,954,173,500
7752.1,21817,1259,956,173,500
7756.73,21850,1261,958,173,500
7768.16,22042,1261,959,173,500
7775.08,22058,1261,959,173,500
7779.64,22010,1262,962,174,500
7793.19,21914,1262,963,174,500
7795.87,21705,1262,964,174,500
7810.65,21882,1262,965,174,500
7812.92,22202,1262,965,174,500
7826.03,22250,1262,965,174,500
7829.03,22362,1262,965,174,500
7832.37,22234,1262,965,174,500
7843.01,21978,1262,965,174,500
7853.97,21721,1262,965,174,500
7858.26,21609,1262,964,174,500
7868.88,21673,1263,963,174,500
7874,21625,1263,961,174,500
7884.8,21593,1265,960,174,500
7887.18,21625,1266,958,174,500
7900.71,21625,1268,957,174,500
7903.23,21593,1270,955,174,490
7916.59,21641,1272,953,174,490
7919.48,21641,1273,951,175,490
7932.82,21609,1274,950,175,490
7934.99,21593,1275,949,175,490
7948.31,21545,1276,948,175,490
7950.87,21513,1276,947,175,490
7963.98,21465,1276,947,177,480
7966.16,21513,1276,947,177,480
7977.94,21561,1275,946,177,480
7980.65,21673,1274,946,177,480
7993.25,21609,1273,945,177,480
7995.46,21641,1271,945,178,480
8009.17,21609,1270,944,178,480
8011.66,21577,1268,944,178,490
8025.33,21577,1266,944,178,490
8028.09,21513,1265,943,178,490
8041.19,21497,1264,943,178,490
8043.56,21481,1264,943,178,490
8047.53,21449,1263,943,178,490
8085.11,21481,1263,943,177,490
8093.67,21401,1263,943,177,490
8097.21,21353,1263,943,177,490
8101.6,21273,1263,943,177,490
8130.09,20521,1264,943,177,490
8132.77,18888,1265,944,177,490
8135.13,14950,1267,944,177,490
8459.12,11893,1290,953,171,460
8461.61,14230,1290,953,172,460
8473.1,16103,1290,953,171,470
8483.42,17720,1290,954,171,470
8485.86,18856,1290,955,171,470
8499.44,20585,1290,955,171,480
8501.6,21641,1290,955,171,480
8515.36,22314,1290,955,171,480
8517.59,22922,1290,955,171,480
8529.31,23386,1290,955,171,480
8531.46,23754,1290,955,171,480
8542.78,23978,1290,955,171,480
8553.9,24043,1290,955,171,480
8558.47,23962,1290,955,171,480
8561.02,23706,1290,954,171,480
8576.67,23498,1290,953,172,480
8578.82,23530,1290,951,172,480
8591.22,23562,1290,949,172,480
8593.73,23626,1290,947,172,490
8603.06,23562,1290,944,172,490
8617.29,23578,1290,942,173,490
8619.35,23610,1290,940,173,490
8631.44,23642,1290,939,173,490
8633.47,23674,1290,938,173,500
8646.53,23610,1290,937,173,500
8648.57,23690,1290,936,174,500
8661.18,23162,1289,935,174,500
8663.23,22458,1289,935,174,500
8675.3,21850,1289,935,174,500
8677.77,21017,1289,937,174,500
8691.31,17688,1290,939,174,500
8693.57,9220,1291,942,174,500
8812.39,16727,1302,984,174,440
8814.53,17512,1302,984,175,450
8826.04,18744,1302,984,176,450
8841.58,19656,1302,987,176,460
8844.35,20585,1302,987,177,460
8846.38,21529,1302,988,178,460
8857.89,22202,1302,988,178,470
8860.7,22506,1302,988,179,470
8870.22,22538,1302,988,179,470
8882.34,22394,1301,988,179,470
8884.75,21914,1301,986,179,460
8898.48,20297,1300,984,179,470
8900.48,18184,1299,982,179,470
8912.93,14038,1299,979,179,470
8915.47,4273,1299,976,179,470
9050.88,12373,1319,947,172,390
9052.76,14054,1319,947,172,400
9063.85,15687,1319,947,173,420
9075.84,17191,1319,947,173,430
9077.74,18568,1319,947,173,440
9086.93,19560,1319,947,174,440
9098.41,20121,1319,947,174,450
9100.33,20585,1316,950,174,450
9112.1,20953,1316,950,174,450
9114.4,21145,1315,951,174,450
9125.19,21321,1315,951,174,450
9135.05,21465,1315,951,174,450
9138.26,21609,1315,951,174,460
9147.81,21689,1315,951,174,460
9158.62,21914,1315,951,174,460
9160.59,21994,1315,951,174,460
9169.97,22026,1315,951,174,460
9181.75,21946,1315,951,174,460
9183.92,21753,1315,950,174,460
9196.09,21481,1315,949,174,460
9198.15,21481,1315,948,173,460
9210.22,21513,1315,947,173,460
9212.71,21497,1315,946,174,460
9224.4,21593,1315,944,174,460
9235.81,21593,1315,943,174,460
9238.87,21609,1315,941,174,470
9249.61,21625,1314,940,174,470
9251.7,21657,1314,939,175,470
9263.28,21641,1314,939,175,470
9275.64,21673,1314,938,175,470
9277.5,21673,1314,938,174,480
9289.91,21657,1314,938,174,480
9292.35,21625,1314,938,174,480
9301.93,21097,1315,938,174,480
9314.02,20921,1316,938,174,480
9316.19,21513,1317,939,174,480
9328.65,21866,1319,940,174,480
9341.84,21962,1323,943,174,480
9344.31,21994,1325,944,174,480
9354.16,22010,1326,946,174,480
9366.87,22122,1327,947,175,470
9368.8,22186,1328,947,175,470
9381.14,22090,1329,948,175,460
9383.02,22106,1329,948,175,460
9394.13,21833,1330,948,175,460
9406.77,21401,1330,947,175,450
9409.02,20969,1330,946,175,450
9412.64,20905,1331,945,175,450
9423.51,21129,1331,944,176,450
9462.12,21193,1331,943,176,450
9465.07,21225,1331,941,176,450
9467.94,21193,1331,940,176,450
9469.94,21241,1331,939,176,450
9473.64,21257,1331,938,176,450
9476.14,21225,1331,936,176,460
9478.24,20489,1331,935,176,460
9481.79,19640,1332,935,177,460
9491.94,18408,1333,934,177,460
9505.55,15975,1334,934,177,470
9508.26,14054,1336,934,177,470
9519.27,9876,1338,934,177,470
9649.49,12213,1350,943,177,410
9651.84,12997,1350,943,176,420
9653.69,14022,1350,943,176,420
9656.7,14854,1350,943,177,420
9658.64,15431,1350,943,177,420
9661.08,16007,1350,943,177,420
9672.33,16663,1353,943,177,420
9675.14,16823,1354,943,177,430
9684.94,17079,1355,942,177,430
9688.99,17319,1356,941,177,430
9698.94,17496,1357,940,177,430
9709.89,17512,1357,939,178,430
9711.86,17431,1358,938,178,440
9722.02,17207,1358,936,178,440
9732.05,17399,1358,935,178,440
9734.66,17303,1358,934,178,440
9745.39,17560,1358,934,179,450
9754.19,17784,1358,933,179,450
9759.24,18152,1357,932,179,450
9768.3,18408,1356,932,179,450
9780.2,18584,1355,932,179,460
9781.86,18632,1353,931,179,460
9803.97,18856,1352,931,179,460
9807.5,18840,1351,931,179,460
9810.45,18984,1350,931,179,460
9812.51,19112,1350,932,179,460
9822.38,19176,1349,933,179,460
9831.96,19336,1349,933,179,460
9834.71,19320,1348,934,179,460
9845.45,18904,1348,935,179,460
9858.36,18648,1348,936,179,460
9860.71,18552,1349,937,179,460
9870.56,18824,1349,937,179,460
9874.67,19096,1351,940,179,460
9883.39,19160,1353,941,179,450
9895.77,19176,1354,941,179,450
9897.48,19144,1355,942,179,450
9908.09,19096,1356,943,179,450
9918.45,19144,1357,943,178,440
9920.37,19272,1358,943,178,440
9931.13,19304,1359,943,178,440
9934.55,19224,1360,942,178,440
9945.35,19144,1360,942,178,430
9970.15,19032,1361,940,178,430
9974.72,18936,1361,939,178,430
9976.48,18888,1362,937,179,440
9978.73,19528,1362,935,179,440
9980.62,19801,1362,933,179,440
9990.33,20025,1362,930,179,440
9999.29,20249,1362,927,179,450
10010.4,20425,1361,924,180,460
10012.4,20585,1360,921,180,460
10023.4,20841,1358,918,180,470
10026.8,21001,1356,916,180,470
10035.5,21193,1354,914,180,480
10046.4,21433,1352,912,180,490
10049.4,21641,1350,910,180,490
10060.4,21561,1347,909,180,490
10074.3,21641,1345,908,180,490
10076.6,21817,1342,908,180,490
10078.9,21785,1340,907,180,490
10088.6,21850,1338,907,180,490
10098.7,21817,1336,907,180,490
10111.1,21705,1334,907,180,490
10113.1,21721,1333,907,180,490
10124.6,21785,1332,907,180,490
10126.5,21689,1332,908,179,490
10135.2,21545,1332,909,180,490
10147,21289,1332,909,180,500
10148.8,20921,1332,911,180,500
10159.5,20585,1333,912,180,500
10169.9,20537,1334,914,180,500
10173,20169,1336,915,180,500
10182.2,20425,1338,916,180,500
10194.1,20409,1341,916,180,500
10196.1,20425,1344,916,180,500
10208.2,20457,1347,916,180,500
10210.6,20441,1351,916,180,500
10219.3,20441,1354,915,180,500
10230,20521,1357,915,180,500
10241.8,20809,1359,914,180,500
10243.5,20857,1362,913,180,500
10251.8,21017,1364,912,180,500
10265.8,21161,1365,911,180,500
10267.5,21385,1367,911,181,500
10279.5,21561,1368,910,181,500
10281.5,21801,1368,910,181,500
10291.6,21994,1368,910,181,500
10300.6,22122,1369,910,181,490
10302.4,22122,1369,910,180,490
10311.8,22282,1369,910,180,490
10325.9,21097,1368,910,180,490
10334.4,16583,1367,911,180,490
