1903.01,11797,137,1109,164,460
1910.77,11829,137,1109,164,460
1917.78,12053,137,1109,163,460
1925.75,12965,137,1109,163,460
1933.77,13126,137,1109,163,460
1940.77,12917,137,1109,163,460
1949.01,12517,136,1107,163,460
1957,13126,136,1106,162,460
1964.13,14086,136,1103,162,460
1972.14,15014,137,1099,161,460
1979.91,16343,137,1094,161,460
1987.3,17480,138,1089,161,460
1994.83,18072,139,1083,161,460
2002.83,18408,141,1076,161,460
2009.84,18616,143,1069,161,470
2017.92,18680,146,1062,161,470
2025.87,18968,148,1056,161,470
2032.84,19352,151,1049,161,470
2040.94,19544,153,1043,160,480
2049.69,19817,155,1037,160,480
2056.83,20025,157,1032,159,490
2064.01,20169,159,1028,159,490
2071.96,20297,160,1025,159,500
2079.85,20297,160,1023,158,510
2086.82,20361,161,1022,158,510
2094.74,20377,161,1022,157,520
2101.74,20553,161,1022,157,520
2109.82,21833,160,1023,156,530
2117.81,22250,159,1026,156,530
2125.83,22394,157,1030,156,530
2132.86,22282,154,1034,156,530
2140.82,22234,152,1040,155,520
2148.9,22154,148,1047,156,510
2155.82,22106,144,1055,156,510
2163.81,22090,141,1063,156,510
2171.81,22138,137,1071,157,510
2178.9,22266,133,1080,157,510
2186.82,22298,131,1088,157,500
2194.8,22218,129,1095,157,500
2201.82,22010,128,1102,158,490
2209.81,21930,128,1109,159,480
2217.94,21882,128,1115,160,470
2224.81,21866,129,1120,160,470
2232.82,21866,131,1124,161,460
2240.72,21882,134,1128,161,460
2247.8,21898,136,1131,162,460
2255.8,21882,139,1133,163,460
2263.82,21817,143,1134,163,460
2270.8,21705,147,1135,163,450
2278.79,21673,151,1135,163,450
2286.76,21625,154,1135,163,450
2293.73,21673,158,1134,163,450
2301.68,21561,162,1132,163,450
2309.77,21417,165,1129,163,450
2316.88,21273,167,1125,164,450
2324.79,21193,169,1120,164,450
2332.79,21161,171,1115,164,450
2339.79,21129,172,1110,164,450
2347.81,21097,172,1105,164,460
2355.8,21081,172,1100,164,460
2362.66,21113,171,1095,164,460
2370.78,21305,168,1090,164,460
2378.77,21465,165,1086,163,470
2385.79,21545,161,1082,163,470
2393.77,21817,158,1080,162,470
2401.77,21769,154,1077,162,480
2408.78,21898,150,1076,162,480
2416.78,22138,146,1076,162,480
2424.67,22186,144,1076,162,480
2432.78,22330,142,1076,162,480
2439.77,22282,141,1077,162,480
2447.77,21097,141,1078,161,470
2454.77,17015,141,1079,161,470
2462.86,10100,143,1079,161,470
2470.71,416,146,1080,160,470
2792.66,10628,237,1056,165,490
2800.54,11189,237,1056,164,500
2807.56,12885,237,1056,164,500
2815.57,14166,237,1056,165,500
2823.55,15158,237,1056,165,500
2831.65,16263,226,1067,165,500
2838.66,18024,224,1068,165,500
2846.77,18936,221,1069,165,500
2853.79,19544,217,1070,165,500
2861.53,19929,214,1070,165,500
2869.59,20313,211,1069,164,500
2876.65,20329,207,1068,164,500
2884.65,20409,204,1065,164,500
2892.65,20553,201,1062,164,500
2900.65,20873,198,1058,164,500
2907.75,21417,195,1054,164,500
2915.66,21705,193,1049,164,500
2923.12,22106,192,1045,164,500
2930.62,22442,192,1041,164,500
2938.74,22634,192,1037,164,510
2945.65,22826,194,1033,164,510
2953.63,22922,196,1031,162,510
2961.64,22906,198,1029,162,520
2969.63,23098,201,1028,162,520
2976.64,23274,204,1027,161,520
2985.48,23322,207,1028,161,520
2992.57,23530,210,1029,160,530
2999.66,23690,213,1031,160,530
3007.63,23882,216,1034,160,530
3015.62,23994,218,1038,160,530
3022.63,24026,220,1042,160,530
3030.63,24059,221,1045,160,530
3038.78,24075,221,1049,160,530
3045.63,24171,221,1052,160,530
3053.64,24203,221,1054,160,530
3061.61,24203,221,1056,162,530
3068.58,24459,221,1057,162,530
3076.53,24875,221,1057,162,530
3084.58,25179,221,1056,162,530
3091.6,24955,221,1055,163,520
3099.6,24683,222,1053,163,520
3107.59,24811,224,1050,163,520
3114.58,24955,227,1047,163,520
3134.02,25099,230,1044,163,520
3134.33,25147,233,1041,164,520
3137.59,25323,238,1037,164,520
3145.6,25499,242,1034,164,530
3153.6,25467,247,1030,164,530
3160.6,24219,252,1028,164,530
3168.6,21882,257,1025,163,540
3176.46,15879,261,1024,163,540
3183.59,5010,264,1024,163,550
3782.4,16551,301,1135,165,460
3790.34,16391,301,1135,165,470
3797.31,16167,301,1135,165,480
3805.32,16247,301,1135,165,490
3813.26,16231,301,1135,165,490
3820.42,16439,300,1136,164,500
3828.43,16727,299,1135,164,500
3836.45,16711,299,1133,165,500
3843.4,17287,299,1131,165,500
3851.36,18696,298,1127,165,500
3859.3,19576,298,1121,165,500
3866.42,20473,297,1115,165,500
3874.35,21305,297,1107,165,500
3882.42,21882,296,1099,165,500
3889.52,22490,296,1091,165,500
3897.41,22970,296,1083,165,510
3905.4,23418,296,1074,165,510
3912.41,23418,297,1067,165,510
3921.24,23658,298,1060,164,520
3928.4,23754,299,1054,164,520
3935.43,23818,301,1048,165,530
3943.44,23994,303,1043,165,530
3951.63,24043,305,1040,164,540
3958.79,23514,307,1037,164,540
3966.43,22426,309,1035,164,550
3974.4,19881,312,1035,164,550
3981.4,18232,315,1036,163,560
3989.43,15511,319,1038,163,560
3997.4,11461,323,1042,163,560
4004.44,4482,327,1048,163,560
4120.36,16439,354,1131,169,480
4127.26,16343,354,1131,169,480
4135.26,16391,354,1131,169,480
4143.31,16775,354,1131,170,490
4150.22,16423,354,1131,169,500
4158.25,16487,354,1131,169,500
4166.37,17768,350,1122,169,500
4173.24,19480,349,1116,170,510
4181.36,21113,348,1109,170,510
4189.36,21994,348,1102,170,510
4196.45,22554,347,1094,170,520
4204.39,22970,347,1086,170,520
4212.36,23354,349,1078,170,520
4219.35,23466,350,1071,170,520
4227.36,23498,353,1064,169,530
4235.23,23434,355,1058,169,530
4242.47,23498,357,1053,169,530
4250.34,23530,359,1049,169,530
4258.35,22874,360,1045,169,540
4265.35,21641,361,1043,169,540
4273.41,19464,361,1042,168,550
4281.28,16167,361,1042,168,550
4288.34,11957,360,1042,168,560
4296.22,3473,357,1044,168,560
4496.31,17496,259,1080,161,480
4503.22,17383,259,1080,162,500
4511.21,17415,259,1080,161,500
4519.11,17640,259,1080,161,500
4526.12,18040,259,1080,162,520
4534.11,18392,259,1080,162,520
4542.22,18792,293,1090,162,530
4549.23,19240,302,1092,162,530
4557.21,19480,311,1094,162,530
4565.23,19512,320,1096,164,530
4572.18,19416,328,1097,164,520
4580.3,18584,337,1098,165,530
4588.21,16039,345,1099,165,530
4595.19,11941,352,1099,165,530
4603.16,5170,358,1099,166,530
4918.82,18072,380,1084,167,520
4924.97,17800,380,1084,166,530
4932.94,17896,380,1084,166,530
4940.94,17816,380,1084,166,530
4947.93,17880,380,1084,167,540
4955.93,18040,380,1084,167,540
4964.11,18232,394,1089,167,540
4971.17,18792,397,1091,167,540
4979.15,19496,399,1092,167,540
4987.14,19849,402,1094,167,540
4994.14,20009,404,1095,168,530
5002.14,20185,406,1097,168,530
5010.15,20233,407,1099,168,530
5017.13,20329,408,1101,168,530
5025.14,20393,408,1103,168,530
5033.14,20409,408,1104,169,530
5040.15,20233,406,1106,169,530
5048.01,20345,404,1107,169,530
5056.13,20345,402,1108,169,530
5063.21,20361,399,1108,169,530
5071.11,20281,396,1108,169,530
5079.14,20217,392,1108,169,530
5086.13,20233,389,1106,169,530
5094.13,20217,386,1104,169,530
5102.34,20361,383,1101,169,530
5109.01,20521,380,1097,170,520
5117.13,20825,378,1094,169,530
5125.13,21369,377,1090,169,530
5132.14,21850,376,1086,169,530
5140.13,22250,376,1082,169,530
5148.12,22746,377,1078,169,530
5155.12,22778,380,1075,169,530
5163.12,22874,383,1072,169,530
5170.99,22970,387,1069,168,530
5178.12,23066,392,1068,168,530
5186.11,23274,397,1067,168,530
5194.12,23450,403,1066,168,530
5202.12,23562,408,1066,168,530
5209.12,23930,413,1067,168,530
5217.11,24026,418,1068,168,530
5225.11,24203,422,1070,169,540
5231.99,24427,425,1072,169,540
5240.26,24539,427,1074,169,540
5247.11,24715,429,1077,169,540
5255.1,24779,429,1080,169,540
5263.11,24827,429,1083,170,550
5271.1,24619,428,1086,170,550
5278.1,24331,426,1088,170,550
5286.18,24026,424,1090,170,550
5293.98,23834,421,1092,170,550
5301.1,23786,419,1093,170,550
5309.09,23642,417,1094,170,540
5317.25,23658,416,1095,170,540
5324.1,23658,416,1096,170,540
5332.1,23466,417,1096,170,540
5340.1,22474,419,1097,170,540
5347.1,21978,423,1098,171,530
5355.96,21705,428,1098,171,530
5363.52,21545,433,1099,171,530
5370.31,21001,439,1100,171,530
5378.12,20009,444,1101,171,530
5386.11,19064,449,1102,172,530
5393.12,18056,453,1103,172,530
5401.02,17367,457,1104,172,530
5409.1,17095,459,1105,172,530
5416.07,17143,461,1105,173,530
5424.05,17143,461,1106,173,530
5431.98,17223,461,1106,173,530
5438.99,17159,461,1106,174,520
5447.08,17399,460,1105,174,520
5455.15,17463,458,1103,175,520
5463.07,18120,456,1100,175,520
5470.07,19096,454,1096,175,520
5478.07,19993,453,1092,175,530
5485.07,21129,452,1087,175,530
5493.07,22026,452,1083,175,530
5501.07,22506,452,1078,175,530
5508.07,22522,453,1074,175,530
5516.06,22474,456,1070,176,540
5524.22,22618,459,1067,176,540
5531.07,22698,463,1064,176,540
5539.06,22826,467,1062,176,540
5546.94,22762,471,1060,176,540
5555.06,22938,476,1059,176,540
5562.07,22074,480,1058,176,550
5570.06,19737,484,1058,176,550
5577.05,16487,488,1058,176,550
5585.06,11605,491,1060,176,550
5593.05,1616,493,1062,176,550
5777.01,12293,472,1108,174,500
5784.92,13526,472,1108,174,510
5792.76,14630,472,1108,174,510
5799.93,15639,472,1108,175,520
5807.91,16519,472,1108,175,520
5815.02,17463,480,1102,175,520
5823.03,18552,481,1099,175,520
5831.03,19320,483,1095,175,530
5838.02,19993,485,1091,175,530
5846.16,20585,486,1087,176,530
5854.68,20873,487,1083,176,530
5861.02,21513,488,1080,176,530
5868.98,21593,489,1077,176,540
5877.06,21721,490,1074,176,540
5884.02,21817,490,1072,176,540
5892.03,21946,490,1071,176,540
5906.71,22362,490,1071,176,540
5915.07,23530,490,1073,176,540
5923.01,23978,490,1075,177,540
5930.02,24075,490,1078,177,540
5938.01,24059,490,1081,177,540
5946.01,24203,491,1085,177,540
5954.01,24107,492,1089,177,540
5961.01,23866,494,1092,177,540
5969.01,23738,496,1095,177,540
5976.01,23626,498,1097,177,540
5983.9,23530,501,1098,177,540
5991.99,23434,504,1098,177,540
5999,23370,507,1098,177,540
6007.09,23354,511,1096,177,540
6015,23466,514,1094,177,540
6022,23658,517,1091,179,530
6030.08,23834,521,1088,179,540
6038,23962,523,1084,179,540
6045.89,24026,526,1081,179,540
6053.13,24059,528,1078,179,540
6060.99,23978,529,1075,179,540
6069.07,23642,530,1073,179,540
6075.98,22378,531,1071,179,540
6083.99,19849,531,1069,179,540
6091.99,14086,530,1068,179,540
6099,224,529,1067,179,540
6559.53,17079,650,1151,175,490
6566.7,17111,650,1151,177,490
6574.69,16839,650,1151,176,500
6582.7,17063,650,1151,176,500
6589.69,17672,650,1151,176,500
6597.79,18456,657,1131,178,510
6605.67,19288,660,1124,178,510
6612.79,20089,664,1116,178,510
6620.75,20809,667,1108,177,520
6628.8,21177,670,1100,177,520
6635.8,21497,673,1092,177,520
6643.8,21801,676,1085,179,530
6651.87,22058,677,1079,179,530
6658.79,22106,679,1074,179,540
6666.67,22138,680,1070,179,540
6674.95,22138,680,1067,179,540
6681.8,22154,681,1065,179,550
6697.46,22202,681,1065,179,550
6704.78,22874,681,1066,179,560
6712.77,23642,680,1069,179,560
6720.78,23674,679,1073,179,560
6728.56,23786,677,1078,179,560
6735.77,23802,675,1084,179,560
6743.77,23914,672,1091,179,560
6750.78,23770,669,1099,179,560
6758.96,23514,666,1108,177,560
6766.79,23482,663,1117,177,550
6774.77,23450,660,1126,177,550
6781.79,23466,657,1134,177,550
6790.32,23578,655,1143,176,540
6797.76,23770,654,1150,176,540
6804.78,23530,654,1156,176,530
6812.81,23370,654,1162,176,530
6820.93,23258,654,1167,176,520
6827.91,23210,656,1172,176,510
6835.72,23162,658,1175,176,510
6843.91,23162,661,1178,176,500
6850.75,23098,663,1180,176,500
6858.76,23082,667,1181,176,500
6866.75,23034,670,1182,177,490
6873.76,22874,673,1182,177,490
6881.7,22906,676,1180,178,490
6889.69,22890,679,1178,178,490
6896.76,22810,681,1176,178,480
6904.75,22842,684,1173,178,480
6912.77,22698,686,1169,178,480
6919.6,22634,687,1165,179,480
6927.77,22490,689,1160,179,480
6935.76,22538,689,1155,179,490
6942.77,22602,689,1150,180,490
6951.05,22682,688,1146,180,490
6958.77,22682,686,1141,180,490
6965.74,22842,684,1138,180,500
6973.74,22842,680,1134,180,500
6981.62,22954,676,1132,180,500
6988.89,22954,671,1130,180,500
6996.73,22890,667,1128,179,510
7004.73,22826,662,1127,179,510
7011.92,22858,658,1126,178,510
7019.73,22458,654,1125,178,510
7027.72,21097,651,1124,176,510
7035.68,18584,650,1123,176,510
7042.62,15094,650,1122,175,510
7050.72,10132,651,1121,174,510
7057.73,3553,653,1120,174,510
7249.71,12405,705,1105,172,500
7257.62,11637,705,1105,173,500
7265.68,10484,705,1105,173,510
7272.59,10356,705,1105,174,520
7280.6,10388,705,1105,174,520
7289.24,10868,705,1113,174,520
7295.71,13093,705,1114,175,520
7303.72,15254,705,1115,175,520
7311.64,17415,705,1115,175,520
7318.64,18840,705,1115,175,520
7326.64,19480,705,1115,175,520
7334.84,19208,706,1113,175,520
7341.7,19160,707,1111,175,520
7349.69,19496,709,1108,175,520
7357.69,20105,711,1105,175,520
7364.7,20825,712,1100,175,520
7372.69,21129,714,1096,176,530
7380.7,21417,716,1092,176,530
7387.7,21625,717,1088,176,530
7395.69,21801,719,1084,176,530
7403.68,21962,720,1082,176,530
7410.69,22122,720,1080,176,540
7418.58,22122,721,1079,176,540
7426.68,22218,721,1078,176,540
7434.6,22458,721,1078,176,540
7441.67,23674,721,1080,176,540
7449.67,24219,721,1082,176,540
7456.72,24395,720,1085,176,540
7464.68,24411,719,1090,176,540
7472.68,24203,717,1094,176,540
7479.57,24123,716,1099,176,540
7487.66,24010,715,1103,176,540
7495.63,23994,713,1106,176,540
7502.65,23946,713,1109,176,540
7510.69,23962,712,1112,176,540
7518.67,23866,712,1113,175,530
7526.67,23802,713,1115,175,530
7533.67,23626,714,1116,175,530
7541.55,23482,716,1116,175,530
7549.66,23194,719,1117,175,530
7556.71,23194,722,1118,175,520
7564.66,23226,726,1119,175,520
7572.65,23226,731,1119,175,520
7579.65,23226,735,1120,175,520
7587.66,23290,739,1120,176,520
7595.65,23338,742,1120,176,520
7602.54,23370,744,1120,176,510
7610.68,23306,745,1119,176,510
7618.58,23098,745,1119,176,510
7625.65,22682,745,1117,178,510
7633.66,22602,745,1116,178,510
7641.63,22634,744,1114,178,510
7648.65,22602,743,1111,178,510
7656.74,22842,741,1108,178,510
7664.5,23258,740,1105,177,520
7671.65,23642,740,1101,177,520
7679.73,23962,739,1098,177,520
7687.75,24331,739,1095,177,520
7694.63,24491,740,1091,177,530
7702.64,24603,742,1088,179,530
7710.84,24731,744,1086,179,530
7717.64,24843,747,1084,179,540
7726.18,25099,751,1082,179,540
7733.64,24699,755,1081,179,540
7740.64,23290,760,1080,179,540
7748.67,21769,765,1080,179,540
7756.65,19256,769,1080,179,540
7763.66,15591,774,1081,179,540
7771.65,11445,778,1082,179,540
7779.65,5698,781,1085,179,540
7882.91,15367,784,1118,179,500
7886.57,15351,784,1118,179,510
7894.54,15351,784,1118,180,510
7902.55,15591,784,1118,180,510
7909.54,15687,784,1118,180,510
7917.56,15879,778,1117,180,510
7925.82,17255,776,1115,180,510
7932.82,18824,774,1112,180,510
7940.82,20089,772,1109,180,520
7948.82,21145,770,1105,180,520
7956.95,21882,768,1102,180,520
7963.91,22410,768,1098,180,520
7972.16,22730,768,1094,180,520
7978.54,23018,768,1091,180,530
7986.94,23178,770,1088,180,530
7994.78,23402,772,1086,180,530
8001.77,23914,775,1084,180,530
8009.79,24203,779,1083,180,530
8017.78,24395,784,1083,180,540
8024.79,24619,788,1083,180,540
8032.81,24811,792,1083,180,540
8040.51,24875,796,1085,180,540
8047.79,25003,799,1087,180,540
8055.76,25051,801,1090,180,540
8063.77,25099,803,1093,180,540
8070.72,24987,803,1097,180,540
8078.81,24795,802,1101,180,540
8086.78,24155,800,1105,180,540
8094.03,23914,797,1109,180,540
8101.47,23738,793,1112,180,540
8109.84,23450,788,1114,180,540
8116.87,22746,782,1116,180,530
8125.06,21497,777,1117,179,530
8132.93,19304,771,1117,179,530
8139.64,13910,767,1117,179,530
8147.74,3425,763,1116,179,520
8416.46,19032,831,1122,178,480
8423.43,19240,831,1122,178,490
8431.41,19304,831,1122,178,490
8439.4,19240,831,1122,179,500
8446.42,19112,831,1122,179,510
8454.43,19064,831,1122,179,510
8462.41,19096,831,1122,179,520
8469.4,19464,831,1122,179,520
8477.35,19913,831,1122,179,520
8485.37,20409,831,1122,179,520
8492.43,20649,831,1122,179,520
8500.42,20793,832,1122,179,520
8508.6,20905,832,1122,179,520
8515.65,20873,832,1123,179,520
8523.41,20841,832,1123,179,520
8531.41,20745,832,1123,179,520
8538.4,20537,832,1123,179,520
8546.42,20089,832,1123,179,520
8554.41,19881,832,1123,179,520
8561.66,19801,832,1122,179,520
8569.65,19833,833,1122,179,520
8577.66,19849,833,1121,179,520
8584.39,19929,833,1121,179,520
8592.4,20041,833,1121,179,520
8600.4,20505,834,1121,179,510
8608.42,21193,834,1121,179,510
8615.62,21914,834,1122,179,510
8623.65,22122,835,1123,179,510
8631.66,22314,835,1125,179,510
8638.72,22314,835,1126,179,510
8646.76,22250,835,1128,179,510
8654.67,22186,835,1129,179,510
8662.04,22266,833,1130,179,520
8669.66,22298,832,1131,179,520
8676.65,22266,830,1131,179,520
8684.65,22410,827,1131,179,520
8692.65,22458,825,1131,179,520
8700.63,22602,822,1129,179,520
8707.64,22634,819,1127,179,510
8715.63,22922,817,1124,179,510
8724.07,23178,815,1121,179,510
8730.67,23530,813,1118,179,510
8738.62,23770,812,1114,179,510
8746.78,24363,812,1111,179,510
8753.63,24651,812,1108,179,520
8761.63,24795,813,1105,179,520
8769.57,25003,814,1102,179,520
8776.62,25051,817,1100,179,520
8784.64,25163,820,1097,179,520
8792.63,25211,823,1096,179,530
8799.62,25323,827,1094,179,530
8807.6,25419,832,1093,179,530
8815.52,25483,836,1092,179,530
8822.5,25243,841,1092,177,530
8830.66,23562,845,1092,177,530
8838.48,21385,848,1092,177,530
8845.6,17656,852,1093,177,530
8853.4,11477,854,1095,177,530
8991.28,17239,855,1122,178,470
8999.25,16103,855,1122,178,480
9006.24,15991,855,1122,178,490
9014.25,16071,855,1122,178,500
9022.24,16471,855,1122,178,500
9029.25,17079,855,1122,179,510
9037.22,17960,870,1124,179,510
9045.34,18760,872,1125,179,510
9052.43,19240,875,1126,180,510
9060.34,19480,876,1127,180,510
9068.44,19737,878,1129,180,510
9075.35,19929,879,1130,180,510
9083.34,20185,879,1132,180,510
9091.34,20585,880,1133,180,510
9099.34,20889,880,1135,180,510
9106.33,21193,879,1136,180,510
9116.22,21641,878,1138,181,510
9121.38,21817,877,1139,181,510
9129.35,21914,876,1139,181,510
9137.29,22026,874,1140,181,510
9145.33,22042,872,1140,181,510
9152.42,22010,870,1138,180,510
9160.94,22026,867,1136,180,510
9168.48,21978,864,1134,180,510
9175.33,22218,861,1130,180,510
9183.61,22570,859,1126,180,510
9191.64,23034,857,1122,180,510
9198.48,23498,856,1118,180,510
9206.52,24043,855,1114,180,510
9214.58,24507,856,1110,180,510
9221.34,24907,857,1107,180,510
9229.3,25195,860,1104,179,510
9237.31,25451,863,1101,179,520
9244.31,25611,867,1099,179,520
9252.33,25755,871,1098,180,520
9260.32,25931,876,1096,180,520
9267.31,25947,881,1095,180,520
9275.31,25339,887,1095,180,520
9283.31,23146,892,1095,180,530
9290.18,20137,897,1095,180,530
9298.47,13462,901,1095,180,530
9582.46,16375,900,1096,178,500
9590.19,16327,900,1096,179,500
9597.92,15863,900,1096,179,510
9605.2,15895,900,1096,179,520
9613.27,16311,900,1096,179,520
9620.19,17896,900,1096,179,530
9628.18,19721,900,1096,179,530
9636.16,21145,900,1096,179,530
9643.42,22122,901,1096,179,530
9651.23,23050,901,1096,179,530
9659.89,23850,902,1097,179,530
9666.48,24219,903,1098,179,530
9674.5,24571,904,1100,179,530
9682.48,24827,906,1101,179,530
9689.39,24891,907,1104,179,530
9697.68,25003,907,1106,179,530
9705.46,25051,908,1109,179,530
9712.46,25099,909,1113,179,520
9720.42,25163,909,1117,179,520
9728.18,25163,910,1120,179,520
9736.44,25195,911,1124,179,520
9743.4,25211,912,1127,179,520
9751.47,25243,913,1129,179,520
9758.46,25211,915,1131,179,520
9766.46,25083,916,1132,179,520
9774.65,24923,918,1133,179,520
9781.4,24795,920,1133,179,520
9789.19,24603,922,1133,180,520
9797.48,24507,925,1133,180,520
9804.44,24427,927,1132,180,510
9812.46,24315,929,1131,180,510
9820.37,24299,931,1129,180,510
9828.44,24203,933,1127,180,510
9835.35,24075,935,1124,180,510
9843.45,23946,936,1121,180,510
9851.18,23882,937,1118,180,510
9858.46,23866,937,1115,180,510
9866.46,23802,938,1112,180,510
9874.45,23786,938,1109,181,510
9881.45,23802,938,1107,181,510
9889.47,23802,937,1105,181,510
9897.45,23754,936,1103,181,510
9904.45,23738,935,1102,181,520
9912.17,23738,933,1101,183,520
9920.44,23898,932,1101,183,520
9927.45,23946,931,1101,181,520
9935.46,24075,930,1101,181,520
9943.43,24235,929,1101,181,520
9950.44,24507,929,1102,181,520
9958.44,24699,929,1103,181,520
9966.43,24827,929,1104,180,520
9973.16,24699,929,1105,180,520
9981.37,24683,930,1106,180,520
9989.39,24491,931,1106,180,520
9996.42,23914,932,1106,180,520
10004.4,22826,933,1106,180,520
10012.4,21481,934,1105,180,520
10019.4,19160,936,1104,180,520
10027.4,15511,938,1103,180,520
10035.2,9988,940,1102,180,520
10165,17800,951,1098,182,480
10173.1,17768,951,1098,182,490
10180,17031,951,1098,182,500
10188,17159,951,1098,182,510
10196,17447,951,1098,182,510
10203,18392,951,1098,183,520
10211.3,19945,954,1097,183,520
10219.3,21321,956,1097,184,520
10227.1,22218,957,1098,184,520
10234.2,22586,958,1099,184,520
10242.3,22842,960,1100,184,520
10250.3,23002,961,1102,184,520
10257.3,23178,962,1104,184,520
10265.5,23466,962,1107,184,520
10273.3,23594,962,1111,184,520
10280.3,23722,962,1114,184,520
10288,23962,961,1118,184,520
10296.3,24043,960,1122,185,520
10303.3,24219,959,1126,185,520
10311.3,24411,959,1130,185,510
10319.3,24635,958,1133,185,510
10326.3,24939,958,1135,185,510
10334.3,25067,960,1136,185,510
10342.3,25131,962,1138,185,510
10349,25067,964,1138,185,510
10357.3,25051,967,1138,185,510
10365.2,24971,970,1138,185,510
10372.3,24907,973,1137,185,510
10380.3,24747,976,1135,185,510
10388.3,24523,979,1133,185,510
10395.3,24427,981,1130,185,500
10403.3,24395,983,1127,185,500
10411,24315,984,1123,185,500
10418.3,24235,985,1119,185,500
10426.3,24219,985,1115,185,500
10434.5,24219,985,1112,185,500
10441.3,24235,985,1109,185,500
10449.3,24235,984,1106,186,500
10457.3,24235,983,1104,186,510
10464.3,24219,981,1102,186,510
10472,24299,980,1101,186,510
10480.3,24395,979,1101,186,510
10487.2,24491,978,1101,186,510
10495.3,24827,978,1102,186,510
10503.3,25003,978,1103,185,510
10510.3,25115,978,1104,185,510
10518.4,25051,978,1106,185,510
10526.2,25131,978,1107,185,510
10533.7,24859,979,1107,185,510
10541.3,23994,979,1108,185,510
10549.1,23050,979,1108,184,510
10556,20649,979,1108,184,510
10564.2,17864,979,1107,184,510
10572.3,15254,979,1106,184,510
10580.7,12005,979,1106,184,510
10587.3,2993,978,1105,184,510
11155.1,19913,1009,1138,182,470
11162.8,20137,1009,1138,183,480
11169.8,20569,1009,1138,183,490
11177.8,20281,1009,1138,183,490
11186.1,19945,1009,1136,184,500
11193.1,20537,1010,1133,184,500
11201.1,21817,1011,1130,184,500
11209.1,23098,1013,1127,184,500
11216.1,24075,1014,1123,184,500
11223.9,24667,1016,1118,185,500
11232.1,24811,1018,1115,185,500
11239.1,25019,1020,1111,185,510
11247.1,25163,1021,1108,185,510
11255.1,25307,1023,1106,185,510
11262.1,25323,1023,1105,185,510
11270.1,25419,1024,1104,185,510
11278.1,25403,1024,1103,185,510
11284.8,24923,1024,1103,185,510
11292.8,23674,1024,1103,184,510
11301.1,22682,1024,1104,184,520
11309.1,19032,1022,1106,184,520
11316.1,13013,1021,1109,184,520
11324.1,2657,1019,1112,184,520
11439,16327,1006,1158,181,470
11446.8,16199,1006,1158,181,470
11453.8,16375,1006,1158,181,480
11461.8,16439,1006,1158,181,480
11470,16567,1006,1158,181,490
11476.8,16823,1006,1158,181,490
11485.1,17031,1005,1161,182,490
11492.8,16727,1005,1161,182,490
11500.2,15495,1005,1159,182,490
11508.1,13750,1005,1158,182,490
11516.1,8675,1006,1156,182,490
11684,17544,1039,1139,181,450
11691.8,17207,1039,1139,181,460
11699.8,16983,1039,1139,182,480
11707.7,17143,1039,1139,182,490
11714.8,17640,1039,1139,182,500
11722.7,18584,1039,1139,182,500
11730.7,19801,1039,1139,182,500
11738.1,20569,1057,1132,184,510
11746.4,21321,1059,1129,184,510
11754.2,21705,1061,1126,184,500
11761.1,22042,1063,1123,184,500
11769.1,22218,1064,1120,184,500
11777,22522,1065,1117,185,500
11783.8,22666,1065,1114,185,500
11792.1,22858,1066,1112,185,490
11800,23194,1066,1110,185,490
11807,23370,1066,1109,186,490
11815,23530,1066,1108,186,490
11823.1,23754,1066,1108,186,490
11829.7,24123,1065,1108,186,490
11837.8,24939,1065,1108,186,500
11845.9,25819,1065,1109,187,500
11853.1,26203,1065,1111,187,500
11861,26348,1065,1113,187,500
11869.2,26396,1065,1115,187,500
11876,26380,1065,1119,187,500
11884,26444,1066,1122,187,500
11892,26380,1067,1125,187,500
11899,26316,1069,1129,187,500
11906.8,26380,1071,1132,187,500
11915,26396,1073,1134,187,500
11922.2,26380,1076,1136,187,500
11930.1,26412,1079,1137,187,500
11938,26284,1081,1138,187,500
11945,26252,1084,1138,187,500
11953,26059,1086,1138,187,490
11961,26043,1088,1137,187,490
11969.2,25963,1090,1136,187,490
11976,25787,1092,1134,187,490
11984,25627,1093,1131,187,490
11990.9,25499,1095,1129,187,490
11999.2,25483,1096,1126,187,490
12007,25515,1097,1123,187,490
12013.9,25499,1098,1120,187,490
12022,25467,1099,1117,188,490
12029.9,25195,1100,1115,188,490
12037,23162,1101,1113,188,490
12045,20297,1102,1111,188,480
12053,15174,1104,1110,188,480
12060,6931,1106,1109,188,480
12205.9,12149,1145,1131,192,440
12213.7,12405,1145,1131,192,440
12221.7,12997,1145,1131,193,450
12228.7,14150,1145,1131,194,460
12236.7,14886,1145,1131,194,460
12244.7,15975,1145,1131,194,470
12251.9,17736,1132,1143,193,470
12260,18936,1129,1143,193,470
12268,19656,1126,1144,193,470
12275,19801,1123,1144,193,470
12282.7,19897,1120,1142,193,470
12291,19753,1117,1140,192,470
12298,19945,1114,1137,192,470
12305.9,19993,1111,1133,192,470
12314,20169,1110,1130,191,470
12321,20569,1108,1126,191,470
12329,20777,1108,1122,191,470
12337,20873,1108,1119,191,470
12343.7,21193,1110,1116,190,480
12352,21497,1112,1113,190,480
12360,21801,1115,1111,190,480
12367,21930,1118,1109,190,480
12375,22186,1122,1108,190,480
12383,22378,1126,1107,190,480
12390,22522,1129,1107,190,480
12398,22538,1133,1107,190,480
12405.9,22634,1136,1108,190,480
12413,22714,1139,1109,191,470
12421,22794,1141,1112,191,470
12429,22810,1143,1115,191,470
12436.4,22842,1145,1117,191,470
12444,22890,1146,1120,191,470
12452.4,22986,1147,1123,191,470
12459,23114,1147,1124,192,470
12467.3,23530,1147,1126,192,470
12474.7,23914,1147,1126,192,460
12482.7,24507,1147,1126,192,460
12490,24587,1147,1125,192,460
12498,23962,1147,1124,193,460
12504.9,23690,1147,1121,193,460
12512.9,23722,1147,1117,193,460
12520.9,24139,1148,1113,194,460
12529,24475,1148,1108,194,470
12535.9,24699,1149,1102,194,470
12543.9,24987,1151,1095,195,470
12550.9,25179,1152,1088,195,470
12558.9,25499,1154,1081,196,480
12566.9,25787,1157,1073,197,480
12574.9,25659,1159,1065,197,480
12581.9,25739,1162,1057,198,490
12590,25803,1164,1049,198,490
12597.7,25867,1166,1042,199,490
12605,26011,1168,1036,199,490
12612.9,26107,1170,1031,200,500
12620.8,26284,1171,1027,200,500
12627.7,26396,1172,1024,201,510
12635.7,26268,1172,1021,200,510
12643.7,26220,1172,1020,200,520
12650.7,26123,1170,1020,200,520
12658.6,26203,1168,1020,201,530
12666.8,26300,1165,1020,200,530
12673.7,26380,1160,1022,200,530
12681.7,26252,1155,1024,200,530
12689.7,26059,1149,1026,198,540
12696.7,25915,1142,1030,198,540
12704.6,25851,1135,1033,198,540
12712.7,25899,1128,1037,197,540
12719.6,25963,1122,1041,197,540
12727.7,25883,1116,1044,196,540
12735.7,25835,1111,1048,195,530
12742.7,25707,1107,1053,194,530
12750.7,25707,1104,1057,194,530
12758.7,25723,1102,1062,192,530
12765.7,25803,1102,1066,192,520
12773.7,25883,1102,1070,191,530
12781.6,25995,1105,1074,191,530
12788.8,25963,1108,1077,190,520
12796.7,25963,1113,1080,190,520
12804.7,26059,1119,1082,190,520
12811.8,26284,1125,1084,190,520
12819.7,26139,1132,1085,190,520
12828,26027,1139,1085,191,500
12834.6,25227,1146,1085,191,500
12842.7,23754,1152,1085,192,500
12850.7,22042,1158,1084,192,500
12857.7,19913,1164,1083,193,500
12865.7,15687,1169,1082,193,500
12873.7,10180,1172,1081,195,500
